ship_name,file_path_1,date_seg_1,file_path_2,date_seg_2
ALFRED_N,data\deepship_ps_2_npz\Tanker\ALFRED_N-80-20170326_seg001.npz,20170326_1,data\deepship_ps_2_npz\Tanker\ALFRED_N-80-20170403_seg054.npz,20170403_54
ALFRED_N,data\deepship_ps_2_npz\Tanker\ALFRED_N-80-20170326_seg002.npz,20170326_2,data\deepship_ps_2_npz\Tanker\ALFRED_N-80-20170403_seg039.npz,20170403_39
ALFRED_N,data\deepship_ps_2_npz\Tanker\ALFRED_N-80-20170326_seg003.npz,20170326_3,data\deepship_ps_2_npz\Tanker\ALFRED_N-80-20170403_seg036.npz,20170403_36
ALFRED_N,data\deepship_ps_2_npz\Tanker\ALFRED_N-80-20170326_seg004.npz,20170326_4,data\deepship_ps_2_npz\Tanker\ALFRED_N-80-20170403_seg011.npz,20170403_11
ALFRED_N,data\deepship_ps_2_npz\Tanker\ALFRED_N-80-20170326_seg005.npz,20170326_5,data\deepship_ps_2_npz\Tanker\ALFRED_N-80-20170403_seg045.npz,20170403_45
ALFRED_N,data\deepship_ps_2_npz\Tanker\ALFRED_N-80-20170326_seg006.npz,20170326_6,data\deepship_ps_2_npz\Tanker\ALFRED_N-80-20170403_seg038.npz,20170403_38
ALFRED_N,data\deepship_ps_2_npz\Tanker\ALFRED_N-80-20170326_seg008.npz,20170326_8,data\deepship_ps_2_npz\Tanker\ALFRED_N-80-20170403_seg003.npz,20170403_3
ALFRED_N,data\deepship_ps_2_npz\Tanker\ALFRED_N-80-20170326_seg009.npz,20170326_9,data\deepship_ps_2_npz\Tanker\ALFRED_N-80-20170403_seg030.npz,20170403_30
ALFRED_N,data\deepship_ps_2_npz\Tanker\ALFRED_N-80-20170326_seg010.npz,20170326_10,data\deepship_ps_2_npz\Tanker\ALFRED_N-80-20170403_seg044.npz,20170403_44
ALFRED_N,data\deepship_ps_2_npz\Tanker\ALFRED_N-80-20170326_seg011.npz,20170326_11,data\deepship_ps_2_npz\Tanker\ALFRED_N-80-20170403_seg019.npz,20170403_19
ALFRED_N,data\deepship_ps_2_npz\Tanker\ALFRED_N-80-20170326_seg014.npz,20170326_14,data\deepship_ps_2_npz\Tanker\ALFRED_N-80-20170403_seg046.npz,20170403_46
ALFRED_N,data\deepship_ps_2_npz\Tanker\ALFRED_N-80-20170326_seg015.npz,20170326_15,data\deepship_ps_2_npz\Tanker\ALFRED_N-80-20170403_seg029.npz,20170403_29
ALFRED_N,data\deepship_ps_2_npz\Tanker\ALFRED_N-80-20170326_seg016.npz,20170326_16,data\deepship_ps_2_npz\Tanker\ALFRED_N-80-20170403_seg010.npz,20170403_10
ALFRED_N,data\deepship_ps_2_npz\Tanker\ALFRED_N-80-20170326_seg017.npz,20170326_17,data\deepship_ps_2_npz\Tanker\ALFRED_N-80-20170403_seg012.npz,20170403_12
ALFRED_N,data\deepship_ps_2_npz\Tanker\ALFRED_N-80-20170326_seg019.npz,20170326_19,data\deepship_ps_2_npz\Tanker\ALFRED_N-80-20170403_seg022.npz,20170403_22
ALFRED_N,data\deepship_ps_2_npz\Tanker\ALFRED_N-80-20170326_seg020.npz,20170326_20,data\deepship_ps_2_npz\Tanker\ALFRED_N-80-20170403_seg001.npz,20170403_1
ALFRED_N,data\deepship_ps_2_npz\Tanker\ALFRED_N-80-20170326_seg023.npz,20170326_23,data\deepship_ps_2_npz\Tanker\ALFRED_N-80-20170403_seg034.npz,20170403_34
ALFRED_N,data\deepship_ps_2_npz\Tanker\ALFRED_N-80-20170326_seg025.npz,20170326_25,data\deepship_ps_2_npz\Tanker\ALFRED_N-80-20170403_seg047.npz,20170403_47
ALFRED_N,data\deepship_ps_2_npz\Tanker\ALFRED_N-80-20170326_seg026.npz,20170326_26,data\deepship_ps_2_npz\Tanker\ALFRED_N-80-20170403_seg043.npz,20170403_43
ALFRED_N,data\deepship_ps_2_npz\Tanker\ALFRED_N-80-20170326_seg027.npz,20170326_27,data\deepship_ps_2_npz\Tanker\ALFRED_N-80-20170403_seg017.npz,20170403_17
ALFRED_N,data\deepship_ps_2_npz\Tanker\ALFRED_N-80-20170326_seg028.npz,20170326_28,data\deepship_ps_2_npz\Tanker\ALFRED_N-80-20170403_seg055.npz,20170403_55
ALFRED_N,data\deepship_ps_2_npz\Tanker\ALFRED_N-80-20170326_seg029.npz,20170326_29,data\deepship_ps_2_npz\Tanker\ALFRED_N-80-20170403_seg058.npz,20170403_58
ALFRED_N,data\deepship_ps_2_npz\Tanker\ALFRED_N-80-20170326_seg030.npz,20170326_30,data\deepship_ps_2_npz\Tanker\ALFRED_N-80-20170403_seg021.npz,20170403_21
ALFRED_N,data\deepship_ps_2_npz\Tanker\ALFRED_N-80-20170326_seg031.npz,20170326_31,data\deepship_ps_2_npz\Tanker\ALFRED_N-80-20170403_seg006.npz,20170403_6
ALFRED_N,data\deepship_ps_2_npz\Tanker\ALFRED_N-80-20170326_seg032.npz,20170326_32,data\deepship_ps_2_npz\Tanker\ALFRED_N-80-20170403_seg048.npz,20170403_48
ALFRED_N,data\deepship_ps_2_npz\Tanker\ALFRED_N-80-20170326_seg033.npz,20170326_33,data\deepship_ps_2_npz\Tanker\ALFRED_N-80-20170403_seg020.npz,20170403_20
ALFRED_N,data\deepship_ps_2_npz\Tanker\ALFRED_N-80-20170326_seg034.npz,20170326_34,data\deepship_ps_2_npz\Tanker\ALFRED_N-80-20170403_seg027.npz,20170403_27
ALFRED_N,data\deepship_ps_2_npz\Tanker\ALFRED_N-80-20170326_seg035.npz,20170326_35,data\deepship_ps_2_npz\Tanker\ALFRED_N-80-20170403_seg057.npz,20170403_57
ALFRED_N,data\deepship_ps_2_npz\Tanker\ALFRED_N-80-20170326_seg036.npz,20170326_36,data\deepship_ps_2_npz\Tanker\ALFRED_N-80-20170403_seg056.npz,20170403_56
ALFRED_N,data\deepship_ps_2_npz\Tanker\ALFRED_N-80-20170326_seg037.npz,20170326_37,data\deepship_ps_2_npz\Tanker\ALFRED_N-80-20170403_seg002.npz,20170403_2
ALFRED_N,data\deepship_ps_2_npz\Tanker\ALFRED_N-80-20170326_seg038.npz,20170326_38,data\deepship_ps_2_npz\Tanker\ALFRED_N-80-20170403_seg052.npz,20170403_52
ALFRED_N,data\deepship_ps_2_npz\Tanker\ALFRED_N-80-20170326_seg039.npz,20170326_39,data\deepship_ps_2_npz\Tanker\ALFRED_N-80-20170403_seg050.npz,20170403_50
ALFRED_N,data\deepship_ps_2_npz\Tanker\ALFRED_N-80-20170326_seg043.npz,20170326_43,data\deepship_ps_2_npz\Tanker\ALFRED_N-80-20170403_seg049.npz,20170403_49
ALFRED_N,data\deepship_ps_2_npz\Tanker\ALFRED_N-80-20170326_seg047.npz,20170326_47,data\deepship_ps_2_npz\Tanker\ALFRED_N-80-20170403_seg040.npz,20170403_40
ALFRED_N,data\deepship_ps_2_npz\Tanker\ALFRED_N-80-20170326_seg050.npz,20170326_50,data\deepship_ps_2_npz\Tanker\ALFRED_N-80-20170403_seg042.npz,20170403_42
ALFRED_N,data\deepship_ps_2_npz\Tanker\ALFRED_N-80-20170326_seg054.npz,20170326_54,data\deepship_ps_2_npz\Tanker\ALFRED_N-80-20170403_seg025.npz,20170403_25
ALFRED_N,data\deepship_ps_2_npz\Tanker\ALFRED_N-80-20170326_seg055.npz,20170326_55,data\deepship_ps_2_npz\Tanker\ALFRED_N-80-20170403_seg033.npz,20170403_33
ALFRED_N,data\deepship_ps_2_npz\Tanker\ALFRED_N-80-20170326_seg057.npz,20170326_57,data\deepship_ps_2_npz\Tanker\ALFRED_N-80-20170403_seg026.npz,20170403_26
ALFRED_N,data\deepship_ps_2_npz\Tanker\ALFRED_N-80-20170326_seg059.npz,20170326_59,data\deepship_ps_2_npz\Tanker\ALFRED_N-80-20170403_seg016.npz,20170403_16
ALFRED_N,data\deepship_ps_2_npz\Tanker\ALFRED_N-80-20170326_seg063.npz,20170326_63,data\deepship_ps_2_npz\Tanker\ALFRED_N-80-20170403_seg008.npz,20170403_8
ALFRED_N,data\deepship_ps_2_npz\Tanker\ALFRED_N-80-20170326_seg065.npz,20170326_65,data\deepship_ps_2_npz\Tanker\ALFRED_N-80-20170403_seg024.npz,20170403_24
ALFRED_N,data\deepship_ps_2_npz\Tanker\ALFRED_N-80-20170326_seg068.npz,20170326_68,data\deepship_ps_2_npz\Tanker\ALFRED_N-80-20170403_seg018.npz,20170403_18
ALFRED_N,data\deepship_ps_2_npz\Tanker\ALFRED_N-80-20170326_seg076.npz,20170326_76,data\deepship_ps_2_npz\Tanker\ALFRED_N-80-20170403_seg041.npz,20170403_41
ALFRED_N,data\deepship_ps_2_npz\Tanker\ALFRED_N-80-20170326_seg077.npz,20170326_77,data\deepship_ps_2_npz\Tanker\ALFRED_N-80-20170403_seg014.npz,20170403_14
ALFRED_N,data\deepship_ps_2_npz\Tanker\ALFRED_N-80-20170326_seg079.npz,20170326_79,data\deepship_ps_2_npz\Tanker\ALFRED_N-80-20170403_seg023.npz,20170403_23
ALFRED_N,data\deepship_ps_2_npz\Tanker\ALFRED_N-80-20170326_seg081.npz,20170326_81,data\deepship_ps_2_npz\Tanker\ALFRED_N-80-20170403_seg005.npz,20170403_5
ALFRED_N,data\deepship_ps_2_npz\Tanker\ALFRED_N-80-20170403_seg004.npz,20170403_4,data\deepship_ps_2_npz\Tanker\ALFRED_N-80-20170326_seg012.npz,20170326_12
ALFRED_N,data\deepship_ps_2_npz\Tanker\ALFRED_N-80-20170403_seg013.npz,20170403_13,data\deepship_ps_2_npz\Tanker\ALFRED_N-80-20170326_seg074.npz,20170326_74
ALFRED_N,data\deepship_ps_2_npz\Tanker\ALFRED_N-80-20170403_seg037.npz,20170403_37,data\deepship_ps_2_npz\Tanker\ALFRED_N-80-20170326_seg070.npz,20170326_70
ALFRED_N,data\deepship_ps_2_npz\Tanker\ALFRED_N-80-20170403_seg051.npz,20170403_51,data\deepship_ps_2_npz\Tanker\ALFRED_N-80-20170326_seg048.npz,20170326_48
ALFRED_N,data\deepship_ps_2_npz\Tanker\ALFRED_N-80-20170403_seg053.npz,20170403_53,data\deepship_ps_2_npz\Tanker\ALFRED_N-80-20170326_seg069.npz,20170326_69
AMAGI_GALAXY,data\deepship_ps_2_npz\Tanker\AMAGI_GALAXY-82-20170119_seg001.npz,20170119_1,data\deepship_ps_2_npz\Tanker\AMAGI_GALAXY-89-20170419_seg010.npz,20170419_10
AMAGI_GALAXY,data\deepship_ps_2_npz\Tanker\AMAGI_GALAXY-82-20170119_seg002.npz,20170119_2,data\deepship_ps_2_npz\Tanker\AMAGI_GALAXY-89-20170419_seg016.npz,20170419_16
AMAGI_GALAXY,data\deepship_ps_2_npz\Tanker\AMAGI_GALAXY-82-20170119_seg003.npz,20170119_3,data\deepship_ps_2_npz\Tanker\AMAGI_GALAXY-89-20170419_seg011.npz,20170419_11
AMAGI_GALAXY,data\deepship_ps_2_npz\Tanker\AMAGI_GALAXY-82-20170119_seg004.npz,20170119_4,data\deepship_ps_2_npz\Tanker\AMAGI_GALAXY-89-20170419_seg025.npz,20170419_25
AMAGI_GALAXY,data\deepship_ps_2_npz\Tanker\AMAGI_GALAXY-82-20170119_seg005.npz,20170119_5,data\deepship_ps_2_npz\Tanker\AMAGI_GALAXY-89-20170419_seg066.npz,20170419_66
AMAGI_GALAXY,data\deepship_ps_2_npz\Tanker\AMAGI_GALAXY-82-20170119_seg006.npz,20170119_6,data\deepship_ps_2_npz\Tanker\AMAGI_GALAXY-89-20170419_seg077.npz,20170419_77
AMAGI_GALAXY,data\deepship_ps_2_npz\Tanker\AMAGI_GALAXY-82-20170119_seg007.npz,20170119_7,data\deepship_ps_2_npz\Tanker\AMAGI_GALAXY-82-20171230_seg007.npz,20171230_7
AMAGI_GALAXY,data\deepship_ps_2_npz\Tanker\AMAGI_GALAXY-82-20170119_seg008.npz,20170119_8,data\deepship_ps_2_npz\Tanker\AMAGI_GALAXY-82-20170723_seg101.npz,20170723_101
AMAGI_GALAXY,data\deepship_ps_2_npz\Tanker\AMAGI_GALAXY-82-20170119_seg009.npz,20170119_9,data\deepship_ps_2_npz\Tanker\AMAGI_GALAXY-89-20170419_seg067.npz,20170419_67
AMAGI_GALAXY,data\deepship_ps_2_npz\Tanker\AMAGI_GALAXY-82-20170119_seg011.npz,20170119_11,data\deepship_ps_2_npz\Tanker\AMAGI_GALAXY-89-20170419_seg002.npz,20170419_2
AMAGI_GALAXY,data\deepship_ps_2_npz\Tanker\AMAGI_GALAXY-82-20170119_seg012.npz,20170119_12,data\deepship_ps_2_npz\Tanker\AMAGI_GALAXY-82-20170723_seg064.npz,20170723_64
AMAGI_GALAXY,data\deepship_ps_2_npz\Tanker\AMAGI_GALAXY-82-20170119_seg013.npz,20170119_13,data\deepship_ps_2_npz\Tanker\AMAGI_GALAXY-82-20170723_seg010.npz,20170723_10
AMAGI_GALAXY,data\deepship_ps_2_npz\Tanker\AMAGI_GALAXY-82-20170723_seg002.npz,20170723_2,data\deepship_ps_2_npz\Tanker\AMAGI_GALAXY-89-20161009_seg014.npz,20161009_14
AMAGI_GALAXY,data\deepship_ps_2_npz\Tanker\AMAGI_GALAXY-82-20170723_seg003.npz,20170723_3,data\deepship_ps_2_npz\Tanker\AMAGI_GALAXY-82-20171230_seg020.npz,20171230_20
AMAGI_GALAXY,data\deepship_ps_2_npz\Tanker\AMAGI_GALAXY-82-20170723_seg004.npz,20170723_4,data\deepship_ps_2_npz\Tanker\AMAGI_GALAXY-89-20170419_seg098.npz,20170419_98
AMAGI_GALAXY,data\deepship_ps_2_npz\Tanker\AMAGI_GALAXY-82-20170723_seg005.npz,20170723_5,data\deepship_ps_2_npz\Tanker\AMAGI_GALAXY-89-20170121_seg002.npz,20170121_2
AMAGI_GALAXY,data\deepship_ps_2_npz\Tanker\AMAGI_GALAXY-82-20170723_seg006.npz,20170723_6,data\deepship_ps_2_npz\Tanker\AMAGI_GALAXY-89-20161009_seg005.npz,20161009_5
AMAGI_GALAXY,data\deepship_ps_2_npz\Tanker\AMAGI_GALAXY-82-20170723_seg007.npz,20170723_7,data\deepship_ps_2_npz\Tanker\AMAGI_GALAXY-89-20161009_seg016.npz,20161009_16
AMAGI_GALAXY,data\deepship_ps_2_npz\Tanker\AMAGI_GALAXY-82-20170723_seg008.npz,20170723_8,data\deepship_ps_2_npz\Tanker\AMAGI_GALAXY-89-20170419_seg078.npz,20170419_78
AMAGI_GALAXY,data\deepship_ps_2_npz\Tanker\AMAGI_GALAXY-82-20170723_seg009.npz,20170723_9,data\deepship_ps_2_npz\Tanker\AMAGI_GALAXY-82-20171230_seg027.npz,20171230_27
AMAGI_GALAXY,data\deepship_ps_2_npz\Tanker\AMAGI_GALAXY-82-20170723_seg011.npz,20170723_11,data\deepship_ps_2_npz\Tanker\AMAGI_GALAXY-82-20171230_seg068.npz,20171230_68
AMAGI_GALAXY,data\deepship_ps_2_npz\Tanker\AMAGI_GALAXY-82-20170723_seg012.npz,20170723_12,data\deepship_ps_2_npz\Tanker\AMAGI_GALAXY-89-20170419_seg090.npz,20170419_90
AMAGI_GALAXY,data\deepship_ps_2_npz\Tanker\AMAGI_GALAXY-82-20170723_seg014.npz,20170723_14,data\deepship_ps_2_npz\Tanker\AMAGI_GALAXY-89-20170419_seg041.npz,20170419_41
AMAGI_GALAXY,data\deepship_ps_2_npz\Tanker\AMAGI_GALAXY-82-20170723_seg015.npz,20170723_15,data\deepship_ps_2_npz\Tanker\AMAGI_GALAXY-89-20170419_seg049.npz,20170419_49
AMAGI_GALAXY,data\deepship_ps_2_npz\Tanker\AMAGI_GALAXY-82-20170723_seg016.npz,20170723_16,data\deepship_ps_2_npz\Tanker\AMAGI_GALAXY-89-20170419_seg073.npz,20170419_73
AMAGI_GALAXY,data\deepship_ps_2_npz\Tanker\AMAGI_GALAXY-82-20170723_seg017.npz,20170723_17,data\deepship_ps_2_npz\Tanker\AMAGI_GALAXY-82-20171230_seg067.npz,20171230_67
AMAGI_GALAXY,data\deepship_ps_2_npz\Tanker\AMAGI_GALAXY-82-20170723_seg018.npz,20170723_18,data\deepship_ps_2_npz\Tanker\AMAGI_GALAXY-82-20171230_seg089.npz,20171230_89
AMAGI_GALAXY,data\deepship_ps_2_npz\Tanker\AMAGI_GALAXY-82-20170723_seg019.npz,20170723_19,data\deepship_ps_2_npz\Tanker\AMAGI_GALAXY-89-20170419_seg093.npz,20170419_93
AMAGI_GALAXY,data\deepship_ps_2_npz\Tanker\AMAGI_GALAXY-82-20170723_seg020.npz,20170723_20,data\deepship_ps_2_npz\Tanker\AMAGI_GALAXY-82-20171230_seg030.npz,20171230_30
AMAGI_GALAXY,data\deepship_ps_2_npz\Tanker\AMAGI_GALAXY-82-20170723_seg021.npz,20170723_21,data\deepship_ps_2_npz\Tanker\AMAGI_GALAXY-82-20171230_seg012.npz,20171230_12
AMAGI_GALAXY,data\deepship_ps_2_npz\Tanker\AMAGI_GALAXY-82-20170723_seg022.npz,20170723_22,data\deepship_ps_2_npz\Tanker\AMAGI_GALAXY-82-20171230_seg039.npz,20171230_39
AMAGI_GALAXY,data\deepship_ps_2_npz\Tanker\AMAGI_GALAXY-82-20170723_seg023.npz,20170723_23,data\deepship_ps_2_npz\Tanker\AMAGI_GALAXY-89-20170419_seg015.npz,20170419_15
AMAGI_GALAXY,data\deepship_ps_2_npz\Tanker\AMAGI_GALAXY-82-20170723_seg024.npz,20170723_24,data\deepship_ps_2_npz\Tanker\AMAGI_GALAXY-82-20171230_seg052.npz,20171230_52
AMAGI_GALAXY,data\deepship_ps_2_npz\Tanker\AMAGI_GALAXY-82-20170723_seg026.npz,20170723_26,data\deepship_ps_2_npz\Tanker\AMAGI_GALAXY-82-20171230_seg050.npz,20171230_50
AMAGI_GALAXY,data\deepship_ps_2_npz\Tanker\AMAGI_GALAXY-82-20170723_seg027.npz,20170723_27,data\deepship_ps_2_npz\Tanker\AMAGI_GALAXY-82-20171230_seg019.npz,20171230_19
AMAGI_GALAXY,data\deepship_ps_2_npz\Tanker\AMAGI_GALAXY-82-20170723_seg028.npz,20170723_28,data\deepship_ps_2_npz\Tanker\AMAGI_GALAXY-89-20170419_seg007.npz,20170419_7
AMAGI_GALAXY,data\deepship_ps_2_npz\Tanker\AMAGI_GALAXY-82-20170723_seg029.npz,20170723_29,data\deepship_ps_2_npz\Tanker\AMAGI_GALAXY-89-20170419_seg102.npz,20170419_102
AMAGI_GALAXY,data\deepship_ps_2_npz\Tanker\AMAGI_GALAXY-82-20170723_seg030.npz,20170723_30,data\deepship_ps_2_npz\Tanker\AMAGI_GALAXY-82-20171230_seg013.npz,20171230_13
AMAGI_GALAXY,data\deepship_ps_2_npz\Tanker\AMAGI_GALAXY-82-20170723_seg032.npz,20170723_32,data\deepship_ps_2_npz\Tanker\AMAGI_GALAXY-82-20171230_seg032.npz,20171230_32
AMAGI_GALAXY,data\deepship_ps_2_npz\Tanker\AMAGI_GALAXY-82-20170723_seg033.npz,20170723_33,data\deepship_ps_2_npz\Tanker\AMAGI_GALAXY-89-20170419_seg030.npz,20170419_30
AMAGI_GALAXY,data\deepship_ps_2_npz\Tanker\AMAGI_GALAXY-82-20170723_seg035.npz,20170723_35,data\deepship_ps_2_npz\Tanker\AMAGI_GALAXY-89-20170419_seg064.npz,20170419_64
AMAGI_GALAXY,data\deepship_ps_2_npz\Tanker\AMAGI_GALAXY-82-20170723_seg037.npz,20170723_37,data\deepship_ps_2_npz\Tanker\AMAGI_GALAXY-89-20170419_seg031.npz,20170419_31
AMAGI_GALAXY,data\deepship_ps_2_npz\Tanker\AMAGI_GALAXY-82-20170723_seg040.npz,20170723_40,data\deepship_ps_2_npz\Tanker\AMAGI_GALAXY-82-20171230_seg063.npz,20171230_63
AMAGI_GALAXY,data\deepship_ps_2_npz\Tanker\AMAGI_GALAXY-82-20170723_seg041.npz,20170723_41,data\deepship_ps_2_npz\Tanker\AMAGI_GALAXY-89-20170419_seg026.npz,20170419_26
AMAGI_GALAXY,data\deepship_ps_2_npz\Tanker\AMAGI_GALAXY-82-20170723_seg043.npz,20170723_43,data\deepship_ps_2_npz\Tanker\AMAGI_GALAXY-82-20171230_seg042.npz,20171230_42
AMAGI_GALAXY,data\deepship_ps_2_npz\Tanker\AMAGI_GALAXY-82-20170723_seg044.npz,20170723_44,data\deepship_ps_2_npz\Tanker\AMAGI_GALAXY-89-20170419_seg013.npz,20170419_13
AMAGI_GALAXY,data\deepship_ps_2_npz\Tanker\AMAGI_GALAXY-82-20170723_seg046.npz,20170723_46,data\deepship_ps_2_npz\Tanker\AMAGI_GALAXY-89-20170419_seg060.npz,20170419_60
AMAGI_GALAXY,data\deepship_ps_2_npz\Tanker\AMAGI_GALAXY-82-20170723_seg047.npz,20170723_47,data\deepship_ps_2_npz\Tanker\AMAGI_GALAXY-89-20170419_seg083.npz,20170419_83
AMAGI_GALAXY,data\deepship_ps_2_npz\Tanker\AMAGI_GALAXY-82-20170723_seg048.npz,20170723_48,data\deepship_ps_2_npz\Tanker\AMAGI_GALAXY-89-20170419_seg022.npz,20170419_22
AMAGI_GALAXY,data\deepship_ps_2_npz\Tanker\AMAGI_GALAXY-82-20170723_seg049.npz,20170723_49,data\deepship_ps_2_npz\Tanker\AMAGI_GALAXY-89-20161009_seg007.npz,20161009_7
AMAGI_GALAXY,data\deepship_ps_2_npz\Tanker\AMAGI_GALAXY-82-20170723_seg050.npz,20170723_50,data\deepship_ps_2_npz\Tanker\AMAGI_GALAXY-82-20171230_seg036.npz,20171230_36
AMAGI_GALAXY,data\deepship_ps_2_npz\Tanker\AMAGI_GALAXY-82-20170723_seg051.npz,20170723_51,data\deepship_ps_2_npz\Tanker\AMAGI_GALAXY-82-20171230_seg073.npz,20171230_73
AMAGI_GALAXY,data\deepship_ps_2_npz\Tanker\AMAGI_GALAXY-82-20170723_seg053.npz,20170723_53,data\deepship_ps_2_npz\Tanker\AMAGI_GALAXY-82-20171230_seg086.npz,20171230_86
AMAGI_GALAXY,data\deepship_ps_2_npz\Tanker\AMAGI_GALAXY-82-20170723_seg054.npz,20170723_54,data\deepship_ps_2_npz\Tanker\AMAGI_GALAXY-82-20171230_seg087.npz,20171230_87
AMAGI_GALAXY,data\deepship_ps_2_npz\Tanker\AMAGI_GALAXY-82-20170723_seg055.npz,20170723_55,data\deepship_ps_2_npz\Tanker\AMAGI_GALAXY-89-20170419_seg107.npz,20170419_107
AMAGI_GALAXY,data\deepship_ps_2_npz\Tanker\AMAGI_GALAXY-82-20170723_seg057.npz,20170723_57,data\deepship_ps_2_npz\Tanker\AMAGI_GALAXY-82-20171230_seg001.npz,20171230_1
AMAGI_GALAXY,data\deepship_ps_2_npz\Tanker\AMAGI_GALAXY-82-20170723_seg058.npz,20170723_58,data\deepship_ps_2_npz\Tanker\AMAGI_GALAXY-89-20170419_seg092.npz,20170419_92
AMAGI_GALAXY,data\deepship_ps_2_npz\Tanker\AMAGI_GALAXY-82-20170723_seg061.npz,20170723_61,data\deepship_ps_2_npz\Tanker\AMAGI_GALAXY-82-20171230_seg057.npz,20171230_57
AMAGI_GALAXY,data\deepship_ps_2_npz\Tanker\AMAGI_GALAXY-82-20170723_seg062.npz,20170723_62,data\deepship_ps_2_npz\Tanker\AMAGI_GALAXY-89-20170419_seg103.npz,20170419_103
AMAGI_GALAXY,data\deepship_ps_2_npz\Tanker\AMAGI_GALAXY-82-20170723_seg063.npz,20170723_63,data\deepship_ps_2_npz\Tanker\AMAGI_GALAXY-82-20171230_seg008.npz,20171230_8
AMAGI_GALAXY,data\deepship_ps_2_npz\Tanker\AMAGI_GALAXY-82-20170723_seg065.npz,20170723_65,data\deepship_ps_2_npz\Tanker\AMAGI_GALAXY-82-20171230_seg038.npz,20171230_38
AMAGI_GALAXY,data\deepship_ps_2_npz\Tanker\AMAGI_GALAXY-82-20170723_seg068.npz,20170723_68,data\deepship_ps_2_npz\Tanker\AMAGI_GALAXY-89-20161009_seg019.npz,20161009_19
AMAGI_GALAXY,data\deepship_ps_2_npz\Tanker\AMAGI_GALAXY-82-20170723_seg069.npz,20170723_69,data\deepship_ps_2_npz\Tanker\AMAGI_GALAXY-89-20170419_seg052.npz,20170419_52
AMAGI_GALAXY,data\deepship_ps_2_npz\Tanker\AMAGI_GALAXY-82-20170723_seg070.npz,20170723_70,data\deepship_ps_2_npz\Tanker\AMAGI_GALAXY-82-20171230_seg046.npz,20171230_46
AMAGI_GALAXY,data\deepship_ps_2_npz\Tanker\AMAGI_GALAXY-82-20170723_seg071.npz,20170723_71,data\deepship_ps_2_npz\Tanker\AMAGI_GALAXY-89-20170419_seg040.npz,20170419_40
AMAGI_GALAXY,data\deepship_ps_2_npz\Tanker\AMAGI_GALAXY-82-20170723_seg072.npz,20170723_72,data\deepship_ps_2_npz\Tanker\AMAGI_GALAXY-89-20170419_seg036.npz,20170419_36
AMAGI_GALAXY,data\deepship_ps_2_npz\Tanker\AMAGI_GALAXY-82-20170723_seg073.npz,20170723_73,data\deepship_ps_2_npz\Tanker\AMAGI_GALAXY-89-20170419_seg054.npz,20170419_54
AMAGI_GALAXY,data\deepship_ps_2_npz\Tanker\AMAGI_GALAXY-82-20170723_seg074.npz,20170723_74,data\deepship_ps_2_npz\Tanker\AMAGI_GALAXY-89-20170419_seg048.npz,20170419_48
AMAGI_GALAXY,data\deepship_ps_2_npz\Tanker\AMAGI_GALAXY-82-20170723_seg075.npz,20170723_75,data\deepship_ps_2_npz\Tanker\AMAGI_GALAXY-89-20170419_seg104.npz,20170419_104
AMAGI_GALAXY,data\deepship_ps_2_npz\Tanker\AMAGI_GALAXY-82-20170723_seg078.npz,20170723_78,data\deepship_ps_2_npz\Tanker\AMAGI_GALAXY-89-20170419_seg069.npz,20170419_69
AMAGI_GALAXY,data\deepship_ps_2_npz\Tanker\AMAGI_GALAXY-82-20170723_seg080.npz,20170723_80,data\deepship_ps_2_npz\Tanker\AMAGI_GALAXY-82-20171230_seg091.npz,20171230_91
AMAGI_GALAXY,data\deepship_ps_2_npz\Tanker\AMAGI_GALAXY-82-20170723_seg081.npz,20170723_81,data\deepship_ps_2_npz\Tanker\AMAGI_GALAXY-89-20170419_seg014.npz,20170419_14
AMAGI_GALAXY,data\deepship_ps_2_npz\Tanker\AMAGI_GALAXY-82-20170723_seg082.npz,20170723_82,data\deepship_ps_2_npz\Tanker\AMAGI_GALAXY-82-20171230_seg085.npz,20171230_85
AMAGI_GALAXY,data\deepship_ps_2_npz\Tanker\AMAGI_GALAXY-82-20170723_seg083.npz,20170723_83,data\deepship_ps_2_npz\Tanker\AMAGI_GALAXY-82-20171230_seg065.npz,20171230_65
AMAGI_GALAXY,data\deepship_ps_2_npz\Tanker\AMAGI_GALAXY-82-20170723_seg084.npz,20170723_84,data\deepship_ps_2_npz\Tanker\AMAGI_GALAXY-82-20171230_seg024.npz,20171230_24
AMAGI_GALAXY,data\deepship_ps_2_npz\Tanker\AMAGI_GALAXY-82-20170723_seg085.npz,20170723_85,data\deepship_ps_2_npz\Tanker\AMAGI_GALAXY-89-20161009_seg023.npz,20161009_23
AMAGI_GALAXY,data\deepship_ps_2_npz\Tanker\AMAGI_GALAXY-82-20170723_seg086.npz,20170723_86,data\deepship_ps_2_npz\Tanker\AMAGI_GALAXY-89-20170419_seg075.npz,20170419_75
AMAGI_GALAXY,data\deepship_ps_2_npz\Tanker\AMAGI_GALAXY-82-20170723_seg088.npz,20170723_88,data\deepship_ps_2_npz\Tanker\AMAGI_GALAXY-82-20171230_seg025.npz,20171230_25
AMAGI_GALAXY,data\deepship_ps_2_npz\Tanker\AMAGI_GALAXY-82-20170723_seg090.npz,20170723_90,data\deepship_ps_2_npz\Tanker\AMAGI_GALAXY-82-20171230_seg076.npz,20171230_76
AMAGI_GALAXY,data\deepship_ps_2_npz\Tanker\AMAGI_GALAXY-82-20170723_seg091.npz,20170723_91,data\deepship_ps_2_npz\Tanker\AMAGI_GALAXY-89-20170419_seg023.npz,20170419_23
AMAGI_GALAXY,data\deepship_ps_2_npz\Tanker\AMAGI_GALAXY-82-20170723_seg094.npz,20170723_94,data\deepship_ps_2_npz\Tanker\AMAGI_GALAXY-89-20161009_seg002.npz,20161009_2
AMAGI_GALAXY,data\deepship_ps_2_npz\Tanker\AMAGI_GALAXY-82-20170723_seg095.npz,20170723_95,data\deepship_ps_2_npz\Tanker\AMAGI_GALAXY-89-20161009_seg008.npz,20161009_8
AMAGI_GALAXY,data\deepship_ps_2_npz\Tanker\AMAGI_GALAXY-82-20170723_seg098.npz,20170723_98,data\deepship_ps_2_npz\Tanker\AMAGI_GALAXY-89-20170419_seg018.npz,20170419_18
AMAGI_GALAXY,data\deepship_ps_2_npz\Tanker\AMAGI_GALAXY-82-20170723_seg099.npz,20170723_99,data\deepship_ps_2_npz\Tanker\AMAGI_GALAXY-89-20161009_seg017.npz,20161009_17
AMAGI_GALAXY,data\deepship_ps_2_npz\Tanker\AMAGI_GALAXY-82-20170723_seg100.npz,20170723_100,data\deepship_ps_2_npz\Tanker\AMAGI_GALAXY-82-20171230_seg002.npz,20171230_2
AMAGI_GALAXY,data\deepship_ps_2_npz\Tanker\AMAGI_GALAXY-82-20170723_seg102.npz,20170723_102,data\deepship_ps_2_npz\Tanker\AMAGI_GALAXY-89-20170419_seg044.npz,20170419_44
AMAGI_GALAXY,data\deepship_ps_2_npz\Tanker\AMAGI_GALAXY-82-20170723_seg103.npz,20170723_103,data\deepship_ps_2_npz\Tanker\AMAGI_GALAXY-89-20161009_seg010.npz,20161009_10
AMAGI_GALAXY,data\deepship_ps_2_npz\Tanker\AMAGI_GALAXY-82-20170723_seg104.npz,20170723_104,data\deepship_ps_2_npz\Tanker\AMAGI_GALAXY-89-20170419_seg108.npz,20170419_108
AMAGI_GALAXY,data\deepship_ps_2_npz\Tanker\AMAGI_GALAXY-82-20170723_seg105.npz,20170723_105,data\deepship_ps_2_npz\Tanker\AMAGI_GALAXY-89-20170419_seg032.npz,20170419_32
AMAGI_GALAXY,data\deepship_ps_2_npz\Tanker\AMAGI_GALAXY-82-20171230_seg003.npz,20171230_3,data\deepship_ps_2_npz\Tanker\AMAGI_GALAXY-89-20170419_seg033.npz,20170419_33
AMAGI_GALAXY,data\deepship_ps_2_npz\Tanker\AMAGI_GALAXY-82-20171230_seg006.npz,20171230_6,data\deepship_ps_2_npz\Tanker\AMAGI_GALAXY-89-20170419_seg111.npz,20170419_111
AMAGI_GALAXY,data\deepship_ps_2_npz\Tanker\AMAGI_GALAXY-82-20171230_seg010.npz,20171230_10,data\deepship_ps_2_npz\Tanker\AMAGI_GALAXY-82-20170723_seg097.npz,20170723_97
AMAGI_GALAXY,data\deepship_ps_2_npz\Tanker\AMAGI_GALAXY-82-20171230_seg011.npz,20171230_11,data\deepship_ps_2_npz\Tanker\AMAGI_GALAXY-82-20170723_seg052.npz,20170723_52
AMAGI_GALAXY,data\deepship_ps_2_npz\Tanker\AMAGI_GALAXY-82-20171230_seg016.npz,20171230_16,data\deepship_ps_2_npz\Tanker\AMAGI_GALAXY-82-20170723_seg089.npz,20170723_89
AMAGI_GALAXY,data\deepship_ps_2_npz\Tanker\AMAGI_GALAXY-82-20171230_seg021.npz,20171230_21,data\deepship_ps_2_npz\Tanker\AMAGI_GALAXY-89-20161009_seg001.npz,20161009_1
AMAGI_GALAXY,data\deepship_ps_2_npz\Tanker\AMAGI_GALAXY-82-20171230_seg023.npz,20171230_23,data\deepship_ps_2_npz\Tanker\AMAGI_GALAXY-89-20170419_seg063.npz,20170419_63
AMAGI_GALAXY,data\deepship_ps_2_npz\Tanker\AMAGI_GALAXY-82-20171230_seg033.npz,20171230_33,data\deepship_ps_2_npz\Tanker\AMAGI_GALAXY-89-20161009_seg022.npz,20161009_22
AMAGI_GALAXY,data\deepship_ps_2_npz\Tanker\AMAGI_GALAXY-82-20171230_seg034.npz,20171230_34,data\deepship_ps_2_npz\Tanker\AMAGI_GALAXY-89-20170419_seg027.npz,20170419_27
AMAGI_GALAXY,data\deepship_ps_2_npz\Tanker\AMAGI_GALAXY-82-20171230_seg035.npz,20171230_35,data\deepship_ps_2_npz\Tanker\AMAGI_GALAXY-89-20170419_seg106.npz,20170419_106
AMAGI_GALAXY,data\deepship_ps_2_npz\Tanker\AMAGI_GALAXY-82-20171230_seg040.npz,20171230_40,data\deepship_ps_2_npz\Tanker\AMAGI_GALAXY-89-20170419_seg020.npz,20170419_20
AMAGI_GALAXY,data\deepship_ps_2_npz\Tanker\AMAGI_GALAXY-82-20171230_seg044.npz,20171230_44,data\deepship_ps_2_npz\Tanker\AMAGI_GALAXY-89-20170419_seg055.npz,20170419_55
AMAGI_GALAXY,data\deepship_ps_2_npz\Tanker\AMAGI_GALAXY-82-20171230_seg048.npz,20171230_48,data\deepship_ps_2_npz\Tanker\AMAGI_GALAXY-89-20170419_seg004.npz,20170419_4
AMAGI_GALAXY,data\deepship_ps_2_npz\Tanker\AMAGI_GALAXY-82-20171230_seg058.npz,20171230_58,data\deepship_ps_2_npz\Tanker\AMAGI_GALAXY-89-20170419_seg076.npz,20170419_76
AMAGI_GALAXY,data\deepship_ps_2_npz\Tanker\AMAGI_GALAXY-82-20171230_seg059.npz,20171230_59,data\deepship_ps_2_npz\Tanker\AMAGI_GALAXY-82-20170723_seg093.npz,20170723_93
AMAGI_GALAXY,data\deepship_ps_2_npz\Tanker\AMAGI_GALAXY-82-20171230_seg061.npz,20171230_61,data\deepship_ps_2_npz\Tanker\AMAGI_GALAXY-89-20170419_seg024.npz,20170419_24
AMAGI_GALAXY,data\deepship_ps_2_npz\Tanker\AMAGI_GALAXY-82-20171230_seg064.npz,20171230_64,data\deepship_ps_2_npz\Tanker\AMAGI_GALAXY-82-20170723_seg001.npz,20170723_1
AMAGI_GALAXY,data\deepship_ps_2_npz\Tanker\AMAGI_GALAXY-82-20171230_seg066.npz,20171230_66,data\deepship_ps_2_npz\Tanker\AMAGI_GALAXY-89-20170419_seg053.npz,20170419_53
AMAGI_GALAXY,data\deepship_ps_2_npz\Tanker\AMAGI_GALAXY-82-20171230_seg069.npz,20171230_69,data\deepship_ps_2_npz\Tanker\AMAGI_GALAXY-89-20170419_seg059.npz,20170419_59
AMAGI_GALAXY,data\deepship_ps_2_npz\Tanker\AMAGI_GALAXY-82-20171230_seg075.npz,20171230_75,data\deepship_ps_2_npz\Tanker\AMAGI_GALAXY-82-20170723_seg056.npz,20170723_56
AMAGI_GALAXY,data\deepship_ps_2_npz\Tanker\AMAGI_GALAXY-82-20171230_seg077.npz,20171230_77,data\deepship_ps_2_npz\Tanker\AMAGI_GALAXY-89-20170419_seg070.npz,20170419_70
AMAGI_GALAXY,data\deepship_ps_2_npz\Tanker\AMAGI_GALAXY-82-20171230_seg078.npz,20171230_78,data\deepship_ps_2_npz\Tanker\AMAGI_GALAXY-82-20170723_seg059.npz,20170723_59
AMAGI_GALAXY,data\deepship_ps_2_npz\Tanker\AMAGI_GALAXY-82-20171230_seg081.npz,20171230_81,data\deepship_ps_2_npz\Tanker\AMAGI_GALAXY-89-20161009_seg018.npz,20161009_18
AMAGI_GALAXY,data\deepship_ps_2_npz\Tanker\AMAGI_GALAXY-82-20171230_seg088.npz,20171230_88,data\deepship_ps_2_npz\Tanker\AMAGI_GALAXY-89-20170419_seg091.npz,20170419_91
AMAGI_GALAXY,data\deepship_ps_2_npz\Tanker\AMAGI_GALAXY-89-20161009_seg011.npz,20161009_11,data\deepship_ps_2_npz\Tanker\AMAGI_GALAXY-89-20170419_seg006.npz,20170419_6
AMAGI_GALAXY,data\deepship_ps_2_npz\Tanker\AMAGI_GALAXY-89-20161009_seg012.npz,20161009_12,data\deepship_ps_2_npz\Tanker\AMAGI_GALAXY-82-20171230_seg026.npz,20171230_26
AMAGI_GALAXY,data\deepship_ps_2_npz\Tanker\AMAGI_GALAXY-89-20161009_seg013.npz,20161009_13,data\deepship_ps_2_npz\Tanker\AMAGI_GALAXY-89-20170419_seg035.npz,20170419_35
AMAGI_GALAXY,data\deepship_ps_2_npz\Tanker\AMAGI_GALAXY-89-20170419_seg003.npz,20170419_3,data\deepship_ps_2_npz\Tanker\AMAGI_GALAXY-89-20161009_seg020.npz,20161009_20
AMAGI_GALAXY,data\deepship_ps_2_npz\Tanker\AMAGI_GALAXY-89-20170419_seg019.npz,20170419_19,data\deepship_ps_2_npz\Tanker\AMAGI_GALAXY-84-20170815_seg001.npz,20170815_1
AMAGI_GALAXY,data\deepship_ps_2_npz\Tanker\AMAGI_GALAXY-89-20170419_seg043.npz,20170419_43,data\deepship_ps_2_npz\Tanker\AMAGI_GALAXY-82-20170723_seg013.npz,20170723_13
AMAGI_GALAXY,data\deepship_ps_2_npz\Tanker\AMAGI_GALAXY-89-20170419_seg046.npz,20170419_46,data\deepship_ps_2_npz\Tanker\AMAGI_GALAXY-82-20171230_seg018.npz,20171230_18
AMAGI_GALAXY,data\deepship_ps_2_npz\Tanker\AMAGI_GALAXY-89-20170419_seg058.npz,20170419_58,data\deepship_ps_2_npz\Tanker\AMAGI_GALAXY-82-20171230_seg084.npz,20171230_84
AMAGI_GALAXY,data\deepship_ps_2_npz\Tanker\AMAGI_GALAXY-89-20170419_seg061.npz,20170419_61,data\deepship_ps_2_npz\Tanker\AMAGI_GALAXY-82-20171230_seg060.npz,20171230_60
AMAGI_GALAXY,data\deepship_ps_2_npz\Tanker\AMAGI_GALAXY-89-20170419_seg072.npz,20170419_72,data\deepship_ps_2_npz\Tanker\AMAGI_GALAXY-89-20161009_seg009.npz,20161009_9
AMAGI_GALAXY,data\deepship_ps_2_npz\Tanker\AMAGI_GALAXY-89-20170419_seg087.npz,20170419_87,data\deepship_ps_2_npz\Tanker\AMAGI_GALAXY-82-20170723_seg066.npz,20170723_66
AMAGI_GALAXY,data\deepship_ps_2_npz\Tanker\AMAGI_GALAXY-89-20170419_seg088.npz,20170419_88,data\deepship_ps_2_npz\Tanker\AMAGI_GALAXY-82-20171230_seg043.npz,20171230_43
AMAGI_GALAXY,data\deepship_ps_2_npz\Tanker\AMAGI_GALAXY-89-20170419_seg101.npz,20170419_101,data\deepship_ps_2_npz\Tanker\AMAGI_GALAXY-82-20171230_seg053.npz,20171230_53
AMAGI_GALAXY,data\deepship_ps_2_npz\Tanker\AMAGI_GALAXY-89-20170419_seg109.npz,20170419_109,data\deepship_ps_2_npz\Tanker\AMAGI_GALAXY-89-20170121_seg001.npz,20170121_1
ANASTASIA,data\deepship_ps_2_npz\Cargo\ANASTASIA-70-20171202_seg001.npz,20171202_1,data\deepship_ps_2_npz\Cargo\ANASTASIA-70-20171208_seg056.npz,20171208_56
ANASTASIA,data\deepship_ps_2_npz\Cargo\ANASTASIA-70-20171202_seg002.npz,20171202_2,data\deepship_ps_2_npz\Cargo\ANASTASIA-70-20171208_seg070.npz,20171208_70
ANASTASIA,data\deepship_ps_2_npz\Cargo\ANASTASIA-70-20171202_seg003.npz,20171202_3,data\deepship_ps_2_npz\Cargo\ANASTASIA-70-20171208_seg006.npz,20171208_6
ANASTASIA,data\deepship_ps_2_npz\Cargo\ANASTASIA-70-20171202_seg005.npz,20171202_5,data\deepship_ps_2_npz\Cargo\ANASTASIA-70-20171208_seg041.npz,20171208_41
ANASTASIA,data\deepship_ps_2_npz\Cargo\ANASTASIA-70-20171202_seg006.npz,20171202_6,data\deepship_ps_2_npz\Cargo\ANASTASIA-70-20171208_seg014.npz,20171208_14
ANASTASIA,data\deepship_ps_2_npz\Cargo\ANASTASIA-70-20171202_seg007.npz,20171202_7,data\deepship_ps_2_npz\Cargo\ANASTASIA-70-20171208_seg023.npz,20171208_23
ANASTASIA,data\deepship_ps_2_npz\Cargo\ANASTASIA-70-20171202_seg008.npz,20171202_8,data\deepship_ps_2_npz\Cargo\ANASTASIA-70-20171208_seg009.npz,20171208_9
ANASTASIA,data\deepship_ps_2_npz\Cargo\ANASTASIA-70-20171202_seg009.npz,20171202_9,data\deepship_ps_2_npz\Cargo\ANASTASIA-70-20171208_seg082.npz,20171208_82
ANASTASIA,data\deepship_ps_2_npz\Cargo\ANASTASIA-70-20171202_seg010.npz,20171202_10,data\deepship_ps_2_npz\Cargo\ANASTASIA-70-20171208_seg064.npz,20171208_64
ANASTASIA,data\deepship_ps_2_npz\Cargo\ANASTASIA-70-20171202_seg011.npz,20171202_11,data\deepship_ps_2_npz\Cargo\ANASTASIA-70-20171208_seg032.npz,20171208_32
ANASTASIA,data\deepship_ps_2_npz\Cargo\ANASTASIA-70-20171202_seg012.npz,20171202_12,data\deepship_ps_2_npz\Cargo\ANASTASIA-70-20171208_seg069.npz,20171208_69
ANASTASIA,data\deepship_ps_2_npz\Cargo\ANASTASIA-70-20171202_seg013.npz,20171202_13,data\deepship_ps_2_npz\Cargo\ANASTASIA-70-20171208_seg099.npz,20171208_99
ANASTASIA,data\deepship_ps_2_npz\Cargo\ANASTASIA-70-20171202_seg014.npz,20171202_14,data\deepship_ps_2_npz\Cargo\ANASTASIA-70-20171208_seg025.npz,20171208_25
ANASTASIA,data\deepship_ps_2_npz\Cargo\ANASTASIA-70-20171202_seg015.npz,20171202_15,data\deepship_ps_2_npz\Cargo\ANASTASIA-70-20171208_seg008.npz,20171208_8
ANASTASIA,data\deepship_ps_2_npz\Cargo\ANASTASIA-70-20171202_seg016.npz,20171202_16,data\deepship_ps_2_npz\Cargo\ANASTASIA-70-20171208_seg113.npz,20171208_113
ANASTASIA,data\deepship_ps_2_npz\Cargo\ANASTASIA-70-20171202_seg017.npz,20171202_17,data\deepship_ps_2_npz\Cargo\ANASTASIA-70-20171208_seg057.npz,20171208_57
ANASTASIA,data\deepship_ps_2_npz\Cargo\ANASTASIA-70-20171202_seg018.npz,20171202_18,data\deepship_ps_2_npz\Cargo\ANASTASIA-70-20171208_seg011.npz,20171208_11
ANASTASIA,data\deepship_ps_2_npz\Cargo\ANASTASIA-70-20171202_seg019.npz,20171202_19,data\deepship_ps_2_npz\Cargo\ANASTASIA-70-20171208_seg066.npz,20171208_66
ANASTASIA,data\deepship_ps_2_npz\Cargo\ANASTASIA-70-20171202_seg021.npz,20171202_21,data\deepship_ps_2_npz\Cargo\ANASTASIA-70-20171208_seg107.npz,20171208_107
ANASTASIA,data\deepship_ps_2_npz\Cargo\ANASTASIA-70-20171202_seg022.npz,20171202_22,data\deepship_ps_2_npz\Cargo\ANASTASIA-70-20171208_seg104.npz,20171208_104
ANASTASIA,data\deepship_ps_2_npz\Cargo\ANASTASIA-70-20171202_seg023.npz,20171202_23,data\deepship_ps_2_npz\Cargo\ANASTASIA-70-20171208_seg073.npz,20171208_73
ANASTASIA,data\deepship_ps_2_npz\Cargo\ANASTASIA-70-20171202_seg024.npz,20171202_24,data\deepship_ps_2_npz\Cargo\ANASTASIA-70-20171208_seg026.npz,20171208_26
ANASTASIA,data\deepship_ps_2_npz\Cargo\ANASTASIA-70-20171202_seg025.npz,20171202_25,data\deepship_ps_2_npz\Cargo\ANASTASIA-70-20171208_seg115.npz,20171208_115
ANASTASIA,data\deepship_ps_2_npz\Cargo\ANASTASIA-70-20171202_seg026.npz,20171202_26,data\deepship_ps_2_npz\Cargo\ANASTASIA-70-20171208_seg121.npz,20171208_121
ANASTASIA,data\deepship_ps_2_npz\Cargo\ANASTASIA-70-20171202_seg027.npz,20171202_27,data\deepship_ps_2_npz\Cargo\ANASTASIA-70-20171208_seg076.npz,20171208_76
ANASTASIA,data\deepship_ps_2_npz\Cargo\ANASTASIA-70-20171202_seg029.npz,20171202_29,data\deepship_ps_2_npz\Cargo\ANASTASIA-70-20171208_seg074.npz,20171208_74
ANASTASIA,data\deepship_ps_2_npz\Cargo\ANASTASIA-70-20171202_seg030.npz,20171202_30,data\deepship_ps_2_npz\Cargo\ANASTASIA-70-20171208_seg021.npz,20171208_21
ANASTASIA,data\deepship_ps_2_npz\Cargo\ANASTASIA-70-20171202_seg031.npz,20171202_31,data\deepship_ps_2_npz\Cargo\ANASTASIA-70-20171208_seg067.npz,20171208_67
ANASTASIA,data\deepship_ps_2_npz\Cargo\ANASTASIA-70-20171202_seg032.npz,20171202_32,data\deepship_ps_2_npz\Cargo\ANASTASIA-70-20171208_seg068.npz,20171208_68
ANASTASIA,data\deepship_ps_2_npz\Cargo\ANASTASIA-70-20171202_seg033.npz,20171202_33,data\deepship_ps_2_npz\Cargo\ANASTASIA-70-20171208_seg051.npz,20171208_51
ANASTASIA,data\deepship_ps_2_npz\Cargo\ANASTASIA-70-20171202_seg034.npz,20171202_34,data\deepship_ps_2_npz\Cargo\ANASTASIA-70-20171208_seg102.npz,20171208_102
ANASTASIA,data\deepship_ps_2_npz\Cargo\ANASTASIA-70-20171202_seg036.npz,20171202_36,data\deepship_ps_2_npz\Cargo\ANASTASIA-70-20171208_seg091.npz,20171208_91
ANASTASIA,data\deepship_ps_2_npz\Cargo\ANASTASIA-70-20171202_seg037.npz,20171202_37,data\deepship_ps_2_npz\Cargo\ANASTASIA-70-20171208_seg030.npz,20171208_30
ANASTASIA,data\deepship_ps_2_npz\Cargo\ANASTASIA-70-20171202_seg038.npz,20171202_38,data\deepship_ps_2_npz\Cargo\ANASTASIA-70-20171208_seg039.npz,20171208_39
ANASTASIA,data\deepship_ps_2_npz\Cargo\ANASTASIA-70-20171202_seg040.npz,20171202_40,data\deepship_ps_2_npz\Cargo\ANASTASIA-70-20171208_seg055.npz,20171208_55
ANASTASIA,data\deepship_ps_2_npz\Cargo\ANASTASIA-70-20171202_seg041.npz,20171202_41,data\deepship_ps_2_npz\Cargo\ANASTASIA-70-20171208_seg036.npz,20171208_36
ANASTASIA,data\deepship_ps_2_npz\Cargo\ANASTASIA-70-20171202_seg046.npz,20171202_46,data\deepship_ps_2_npz\Cargo\ANASTASIA-70-20171208_seg111.npz,20171208_111
ANASTASIA,data\deepship_ps_2_npz\Cargo\ANASTASIA-70-20171202_seg048.npz,20171202_48,data\deepship_ps_2_npz\Cargo\ANASTASIA-70-20171208_seg098.npz,20171208_98
ANASTASIA,data\deepship_ps_2_npz\Cargo\ANASTASIA-70-20171202_seg050.npz,20171202_50,data\deepship_ps_2_npz\Cargo\ANASTASIA-70-20171208_seg033.npz,20171208_33
ANASTASIA,data\deepship_ps_2_npz\Cargo\ANASTASIA-70-20171202_seg052.npz,20171202_52,data\deepship_ps_2_npz\Cargo\ANASTASIA-70-20171208_seg088.npz,20171208_88
ANASTASIA,data\deepship_ps_2_npz\Cargo\ANASTASIA-70-20171202_seg053.npz,20171202_53,data\deepship_ps_2_npz\Cargo\ANASTASIA-70-20171208_seg065.npz,20171208_65
ANASTASIA,data\deepship_ps_2_npz\Cargo\ANASTASIA-70-20171202_seg054.npz,20171202_54,data\deepship_ps_2_npz\Cargo\ANASTASIA-70-20171208_seg114.npz,20171208_114
ANASTASIA,data\deepship_ps_2_npz\Cargo\ANASTASIA-70-20171202_seg057.npz,20171202_57,data\deepship_ps_2_npz\Cargo\ANASTASIA-70-20171208_seg034.npz,20171208_34
ANASTASIA,data\deepship_ps_2_npz\Cargo\ANASTASIA-70-20171202_seg060.npz,20171202_60,data\deepship_ps_2_npz\Cargo\ANASTASIA-70-20171208_seg053.npz,20171208_53
ANASTASIA,data\deepship_ps_2_npz\Cargo\ANASTASIA-70-20171202_seg061.npz,20171202_61,data\deepship_ps_2_npz\Cargo\ANASTASIA-70-20171208_seg120.npz,20171208_120
ANASTASIA,data\deepship_ps_2_npz\Cargo\ANASTASIA-70-20171202_seg062.npz,20171202_62,data\deepship_ps_2_npz\Cargo\ANASTASIA-70-20171208_seg037.npz,20171208_37
ANASTASIA,data\deepship_ps_2_npz\Cargo\ANASTASIA-70-20171202_seg063.npz,20171202_63,data\deepship_ps_2_npz\Cargo\ANASTASIA-70-20171208_seg010.npz,20171208_10
ANASTASIA,data\deepship_ps_2_npz\Cargo\ANASTASIA-70-20171202_seg067.npz,20171202_67,data\deepship_ps_2_npz\Cargo\ANASTASIA-70-20171208_seg044.npz,20171208_44
ANASTASIA,data\deepship_ps_2_npz\Cargo\ANASTASIA-70-20171202_seg070.npz,20171202_70,data\deepship_ps_2_npz\Cargo\ANASTASIA-70-20171208_seg049.npz,20171208_49
ANASTASIA,data\deepship_ps_2_npz\Cargo\ANASTASIA-70-20171202_seg074.npz,20171202_74,data\deepship_ps_2_npz\Cargo\ANASTASIA-70-20171208_seg062.npz,20171208_62
ANASTASIA,data\deepship_ps_2_npz\Cargo\ANASTASIA-70-20171202_seg076.npz,20171202_76,data\deepship_ps_2_npz\Cargo\ANASTASIA-70-20171208_seg119.npz,20171208_119
ANASTASIA,data\deepship_ps_2_npz\Cargo\ANASTASIA-70-20171202_seg077.npz,20171202_77,data\deepship_ps_2_npz\Cargo\ANASTASIA-70-20171208_seg116.npz,20171208_116
ANASTASIA,data\deepship_ps_2_npz\Cargo\ANASTASIA-70-20171202_seg079.npz,20171202_79,data\deepship_ps_2_npz\Cargo\ANASTASIA-70-20171208_seg005.npz,20171208_5
ANASTASIA,data\deepship_ps_2_npz\Cargo\ANASTASIA-70-20171202_seg082.npz,20171202_82,data\deepship_ps_2_npz\Cargo\ANASTASIA-70-20171208_seg047.npz,20171208_47
ANASTASIA,data\deepship_ps_2_npz\Cargo\ANASTASIA-70-20171202_seg084.npz,20171202_84,data\deepship_ps_2_npz\Cargo\ANASTASIA-70-20171208_seg045.npz,20171208_45
ANASTASIA,data\deepship_ps_2_npz\Cargo\ANASTASIA-70-20171202_seg085.npz,20171202_85,data\deepship_ps_2_npz\Cargo\ANASTASIA-70-20171208_seg001.npz,20171208_1
ANASTASIA,data\deepship_ps_2_npz\Cargo\ANASTASIA-70-20171202_seg086.npz,20171202_86,data\deepship_ps_2_npz\Cargo\ANASTASIA-70-20171208_seg015.npz,20171208_15
ANASTASIA,data\deepship_ps_2_npz\Cargo\ANASTASIA-70-20171202_seg087.npz,20171202_87,data\deepship_ps_2_npz\Cargo\ANASTASIA-70-20171208_seg109.npz,20171208_109
ANASTASIA,data\deepship_ps_2_npz\Cargo\ANASTASIA-70-20171202_seg089.npz,20171202_89,data\deepship_ps_2_npz\Cargo\ANASTASIA-70-20171208_seg020.npz,20171208_20
ANASTASIA,data\deepship_ps_2_npz\Cargo\ANASTASIA-70-20171202_seg093.npz,20171202_93,data\deepship_ps_2_npz\Cargo\ANASTASIA-70-20171208_seg040.npz,20171208_40
ANASTASIA,data\deepship_ps_2_npz\Cargo\ANASTASIA-70-20171202_seg094.npz,20171202_94,data\deepship_ps_2_npz\Cargo\ANASTASIA-70-20171208_seg096.npz,20171208_96
ANASTASIA,data\deepship_ps_2_npz\Cargo\ANASTASIA-70-20171202_seg101.npz,20171202_101,data\deepship_ps_2_npz\Cargo\ANASTASIA-70-20171208_seg081.npz,20171208_81
ANASTASIA,data\deepship_ps_2_npz\Cargo\ANASTASIA-70-20171202_seg102.npz,20171202_102,data\deepship_ps_2_npz\Cargo\ANASTASIA-70-20171208_seg048.npz,20171208_48
ANASTASIA,data\deepship_ps_2_npz\Cargo\ANASTASIA-70-20171202_seg105.npz,20171202_105,data\deepship_ps_2_npz\Cargo\ANASTASIA-70-20171208_seg054.npz,20171208_54
ANASTASIA,data\deepship_ps_2_npz\Cargo\ANASTASIA-70-20171202_seg106.npz,20171202_106,data\deepship_ps_2_npz\Cargo\ANASTASIA-70-20171208_seg103.npz,20171208_103
ANASTASIA,data\deepship_ps_2_npz\Cargo\ANASTASIA-70-20171202_seg107.npz,20171202_107,data\deepship_ps_2_npz\Cargo\ANASTASIA-70-20171208_seg024.npz,20171208_24
ANASTASIA,data\deepship_ps_2_npz\Cargo\ANASTASIA-70-20171202_seg113.npz,20171202_113,data\deepship_ps_2_npz\Cargo\ANASTASIA-70-20171208_seg046.npz,20171208_46
ANASTASIA,data\deepship_ps_2_npz\Cargo\ANASTASIA-70-20171202_seg116.npz,20171202_116,data\deepship_ps_2_npz\Cargo\ANASTASIA-70-20171208_seg002.npz,20171208_2
ANASTASIA,data\deepship_ps_2_npz\Cargo\ANASTASIA-70-20171202_seg118.npz,20171202_118,data\deepship_ps_2_npz\Cargo\ANASTASIA-70-20171208_seg097.npz,20171208_97
ANASTASIA,data\deepship_ps_2_npz\Cargo\ANASTASIA-70-20171202_seg119.npz,20171202_119,data\deepship_ps_2_npz\Cargo\ANASTASIA-70-20171208_seg094.npz,20171208_94
ANASTASIA,data\deepship_ps_2_npz\Cargo\ANASTASIA-70-20171208_seg003.npz,20171208_3,data\deepship_ps_2_npz\Cargo\ANASTASIA-70-20171202_seg043.npz,20171202_43
ANASTASIA,data\deepship_ps_2_npz\Cargo\ANASTASIA-70-20171208_seg007.npz,20171208_7,data\deepship_ps_2_npz\Cargo\ANASTASIA-70-20171202_seg071.npz,20171202_71
ANASTASIA,data\deepship_ps_2_npz\Cargo\ANASTASIA-70-20171208_seg013.npz,20171208_13,data\deepship_ps_2_npz\Cargo\ANASTASIA-70-20171202_seg115.npz,20171202_115
ANASTASIA,data\deepship_ps_2_npz\Cargo\ANASTASIA-70-20171208_seg016.npz,20171208_16,data\deepship_ps_2_npz\Cargo\ANASTASIA-70-20171202_seg095.npz,20171202_95
ANASTASIA,data\deepship_ps_2_npz\Cargo\ANASTASIA-70-20171208_seg017.npz,20171208_17,data\deepship_ps_2_npz\Cargo\ANASTASIA-70-20171202_seg088.npz,20171202_88
ANASTASIA,data\deepship_ps_2_npz\Cargo\ANASTASIA-70-20171208_seg018.npz,20171208_18,data\deepship_ps_2_npz\Cargo\ANASTASIA-70-20171202_seg042.npz,20171202_42
ANASTASIA,data\deepship_ps_2_npz\Cargo\ANASTASIA-70-20171208_seg028.npz,20171208_28,data\deepship_ps_2_npz\Cargo\ANASTASIA-70-20171202_seg078.npz,20171202_78
ANASTASIA,data\deepship_ps_2_npz\Cargo\ANASTASIA-70-20171208_seg029.npz,20171208_29,data\deepship_ps_2_npz\Cargo\ANASTASIA-70-20171202_seg099.npz,20171202_99
ANASTASIA,data\deepship_ps_2_npz\Cargo\ANASTASIA-70-20171208_seg031.npz,20171208_31,data\deepship_ps_2_npz\Cargo\ANASTASIA-70-20171202_seg120.npz,20171202_120
ANASTASIA,data\deepship_ps_2_npz\Cargo\ANASTASIA-70-20171208_seg061.npz,20171208_61,data\deepship_ps_2_npz\Cargo\ANASTASIA-70-20171202_seg004.npz,20171202_4
ANASTASIA,data\deepship_ps_2_npz\Cargo\ANASTASIA-70-20171208_seg077.npz,20171208_77,data\deepship_ps_2_npz\Cargo\ANASTASIA-70-20171202_seg110.npz,20171202_110
ANASTASIA,data\deepship_ps_2_npz\Cargo\ANASTASIA-70-20171208_seg080.npz,20171208_80,data\deepship_ps_2_npz\Cargo\ANASTASIA-70-20171202_seg039.npz,20171202_39
ANASTASIA,data\deepship_ps_2_npz\Cargo\ANASTASIA-70-20171208_seg087.npz,20171208_87,data\deepship_ps_2_npz\Cargo\ANASTASIA-70-20171202_seg080.npz,20171202_80
ANASTASIA,data\deepship_ps_2_npz\Cargo\ANASTASIA-70-20171208_seg101.npz,20171208_101,data\deepship_ps_2_npz\Cargo\ANASTASIA-70-20171202_seg065.npz,20171202_65
ANASTASIA,data\deepship_ps_2_npz\Cargo\ANASTASIA-70-20171208_seg105.npz,20171208_105,data\deepship_ps_2_npz\Cargo\ANASTASIA-70-20171202_seg112.npz,20171202_112
ARGENT_DAISY,data\deepship_ps_2_npz\Tanker\ARGENT_DAISY-82-20160616_seg001.npz,20160616_1,data\deepship_ps_2_npz\Tanker\ARGENT_DAISY-82-20180722_seg164.npz,20180722_164
ARGENT_DAISY,data\deepship_ps_2_npz\Tanker\ARGENT_DAISY-82-20160616_seg002.npz,20160616_2,data\deepship_ps_2_npz\Tanker\ARGENT_DAISY-82-20180722_seg060.npz,20180722_60
ARGENT_DAISY,data\deepship_ps_2_npz\Tanker\ARGENT_DAISY-82-20160616_seg003.npz,20160616_3,data\deepship_ps_2_npz\Tanker\ARGENT_DAISY-89-20160924_seg005.npz,20160924_5
ARGENT_DAISY,data\deepship_ps_2_npz\Tanker\ARGENT_DAISY-82-20160616_seg004.npz,20160616_4,data\deepship_ps_2_npz\Tanker\ARGENT_DAISY-82-20180722_seg002.npz,20180722_2
ARGENT_DAISY,data\deepship_ps_2_npz\Tanker\ARGENT_DAISY-82-20160616_seg005.npz,20160616_5,data\deepship_ps_2_npz\Tanker\ARGENT_DAISY-82-20180722_seg017.npz,20180722_17
ARGENT_DAISY,data\deepship_ps_2_npz\Tanker\ARGENT_DAISY-82-20160616_seg006.npz,20160616_6,data\deepship_ps_2_npz\Tanker\ARGENT_DAISY-82-20180722_seg128.npz,20180722_128
ARGENT_DAISY,data\deepship_ps_2_npz\Tanker\ARGENT_DAISY-82-20160616_seg007.npz,20160616_7,data\deepship_ps_2_npz\Tanker\ARGENT_DAISY-82-20180722_seg123.npz,20180722_123
ARGENT_DAISY,data\deepship_ps_2_npz\Tanker\ARGENT_DAISY-82-20160616_seg008.npz,20160616_8,data\deepship_ps_2_npz\Tanker\ARGENT_DAISY-82-20161121_seg006.npz,20161121_6
ARGENT_DAISY,data\deepship_ps_2_npz\Tanker\ARGENT_DAISY-82-20160616_seg009.npz,20160616_9,data\deepship_ps_2_npz\Tanker\ARGENT_DAISY-82-20180722_seg118.npz,20180722_118
ARGENT_DAISY,data\deepship_ps_2_npz\Tanker\ARGENT_DAISY-82-20160616_seg010.npz,20160616_10,data\deepship_ps_2_npz\Tanker\ARGENT_DAISY-84-20160703_seg002.npz,20160703_2
ARGENT_DAISY,data\deepship_ps_2_npz\Tanker\ARGENT_DAISY-82-20160616_seg011.npz,20160616_11,data\deepship_ps_2_npz\Tanker\ARGENT_DAISY-82-20180722_seg020.npz,20180722_20
ARGENT_DAISY,data\deepship_ps_2_npz\Tanker\ARGENT_DAISY-82-20160616_seg012.npz,20160616_12,data\deepship_ps_2_npz\Tanker\ARGENT_DAISY-82-20161121_seg007.npz,20161121_7
ARGENT_DAISY,data\deepship_ps_2_npz\Tanker\ARGENT_DAISY-82-20160616_seg013.npz,20160616_13,data\deepship_ps_2_npz\Tanker\ARGENT_DAISY-82-20180722_seg120.npz,20180722_120
ARGENT_DAISY,data\deepship_ps_2_npz\Tanker\ARGENT_DAISY-82-20160616_seg014.npz,20160616_14,data\deepship_ps_2_npz\Tanker\ARGENT_DAISY-82-20180722_seg029.npz,20180722_29
ARGENT_DAISY,data\deepship_ps_2_npz\Tanker\ARGENT_DAISY-82-20160616_seg015.npz,20160616_15,data\deepship_ps_2_npz\Tanker\ARGENT_DAISY-82-20180722_seg122.npz,20180722_122
ARGENT_DAISY,data\deepship_ps_2_npz\Tanker\ARGENT_DAISY-82-20160616_seg016.npz,20160616_16,data\deepship_ps_2_npz\Tanker\ARGENT_DAISY-82-20180722_seg094.npz,20180722_94
ARGENT_DAISY,data\deepship_ps_2_npz\Tanker\ARGENT_DAISY-82-20160616_seg017.npz,20160616_17,data\deepship_ps_2_npz\Tanker\ARGENT_DAISY-82-20161121_seg019.npz,20161121_19
ARGENT_DAISY,data\deepship_ps_2_npz\Tanker\ARGENT_DAISY-82-20160616_seg018.npz,20160616_18,data\deepship_ps_2_npz\Tanker\ARGENT_DAISY-82-20180722_seg127.npz,20180722_127
ARGENT_DAISY,data\deepship_ps_2_npz\Tanker\ARGENT_DAISY-82-20160616_seg019.npz,20160616_19,data\deepship_ps_2_npz\Tanker\ARGENT_DAISY-89-20160924_seg055.npz,20160924_55
ARGENT_DAISY,data\deepship_ps_2_npz\Tanker\ARGENT_DAISY-82-20160616_seg020.npz,20160616_20,data\deepship_ps_2_npz\Tanker\ARGENT_DAISY-82-20180722_seg031.npz,20180722_31
ARGENT_DAISY,data\deepship_ps_2_npz\Tanker\ARGENT_DAISY-82-20160616_seg021.npz,20160616_21,data\deepship_ps_2_npz\Tanker\ARGENT_DAISY-89-20160924_seg021.npz,20160924_21
ARGENT_DAISY,data\deepship_ps_2_npz\Tanker\ARGENT_DAISY-82-20160616_seg022.npz,20160616_22,data\deepship_ps_2_npz\Tanker\ARGENT_DAISY-82-20161121_seg008.npz,20161121_8
ARGENT_DAISY,data\deepship_ps_2_npz\Tanker\ARGENT_DAISY-82-20160616_seg024.npz,20160616_24,data\deepship_ps_2_npz\Tanker\ARGENT_DAISY-82-20180722_seg008.npz,20180722_8
ARGENT_DAISY,data\deepship_ps_2_npz\Tanker\ARGENT_DAISY-82-20160616_seg025.npz,20160616_25,data\deepship_ps_2_npz\Tanker\ARGENT_DAISY-89-20160924_seg028.npz,20160924_28
ARGENT_DAISY,data\deepship_ps_2_npz\Tanker\ARGENT_DAISY-82-20160616_seg026.npz,20160616_26,data\deepship_ps_2_npz\Tanker\ARGENT_DAISY-82-20161121_seg011.npz,20161121_11
ARGENT_DAISY,data\deepship_ps_2_npz\Tanker\ARGENT_DAISY-82-20160616_seg027.npz,20160616_27,data\deepship_ps_2_npz\Tanker\ARGENT_DAISY-82-20180722_seg034.npz,20180722_34
ARGENT_DAISY,data\deepship_ps_2_npz\Tanker\ARGENT_DAISY-82-20160616_seg028.npz,20160616_28,data\deepship_ps_2_npz\Tanker\ARGENT_DAISY-82-20161121_seg015.npz,20161121_15
ARGENT_DAISY,data\deepship_ps_2_npz\Tanker\ARGENT_DAISY-82-20160616_seg029.npz,20160616_29,data\deepship_ps_2_npz\Tanker\ARGENT_DAISY-82-20161121_seg010.npz,20161121_10
ARGENT_DAISY,data\deepship_ps_2_npz\Tanker\ARGENT_DAISY-82-20160616_seg032.npz,20160616_32,data\deepship_ps_2_npz\Tanker\ARGENT_DAISY-89-20160924_seg027.npz,20160924_27
ARGENT_DAISY,data\deepship_ps_2_npz\Tanker\ARGENT_DAISY-82-20160616_seg034.npz,20160616_34,data\deepship_ps_2_npz\Tanker\ARGENT_DAISY-89-20160924_seg047.npz,20160924_47
ARGENT_DAISY,data\deepship_ps_2_npz\Tanker\ARGENT_DAISY-82-20160616_seg035.npz,20160616_35,data\deepship_ps_2_npz\Tanker\ARGENT_DAISY-84-20160703_seg003.npz,20160703_3
ARGENT_DAISY,data\deepship_ps_2_npz\Tanker\ARGENT_DAISY-82-20160616_seg036.npz,20160616_36,data\deepship_ps_2_npz\Tanker\ARGENT_DAISY-82-20180722_seg092.npz,20180722_92
ARGENT_DAISY,data\deepship_ps_2_npz\Tanker\ARGENT_DAISY-82-20160616_seg037.npz,20160616_37,data\deepship_ps_2_npz\Tanker\ARGENT_DAISY-82-20180722_seg143.npz,20180722_143
ARGENT_DAISY,data\deepship_ps_2_npz\Tanker\ARGENT_DAISY-82-20160616_seg038.npz,20160616_38,data\deepship_ps_2_npz\Tanker\ARGENT_DAISY-82-20180722_seg112.npz,20180722_112
ARGENT_DAISY,data\deepship_ps_2_npz\Tanker\ARGENT_DAISY-82-20160616_seg039.npz,20160616_39,data\deepship_ps_2_npz\Tanker\ARGENT_DAISY-89-20160924_seg032.npz,20160924_32
ARGENT_DAISY,data\deepship_ps_2_npz\Tanker\ARGENT_DAISY-82-20160616_seg040.npz,20160616_40,data\deepship_ps_2_npz\Tanker\ARGENT_DAISY-82-20180722_seg069.npz,20180722_69
ARGENT_DAISY,data\deepship_ps_2_npz\Tanker\ARGENT_DAISY-82-20160616_seg041.npz,20160616_41,data\deepship_ps_2_npz\Tanker\ARGENT_DAISY-89-20160924_seg043.npz,20160924_43
ARGENT_DAISY,data\deepship_ps_2_npz\Tanker\ARGENT_DAISY-82-20160616_seg042.npz,20160616_42,data\deepship_ps_2_npz\Tanker\ARGENT_DAISY-82-20180722_seg141.npz,20180722_141
ARGENT_DAISY,data\deepship_ps_2_npz\Tanker\ARGENT_DAISY-82-20160616_seg043.npz,20160616_43,data\deepship_ps_2_npz\Tanker\ARGENT_DAISY-82-20161121_seg018.npz,20161121_18
ARGENT_DAISY,data\deepship_ps_2_npz\Tanker\ARGENT_DAISY-82-20160616_seg044.npz,20160616_44,data\deepship_ps_2_npz\Tanker\ARGENT_DAISY-82-20180722_seg088.npz,20180722_88
ARGENT_DAISY,data\deepship_ps_2_npz\Tanker\ARGENT_DAISY-82-20160616_seg045.npz,20160616_45,data\deepship_ps_2_npz\Tanker\ARGENT_DAISY-82-20161121_seg020.npz,20161121_20
ARGENT_DAISY,data\deepship_ps_2_npz\Tanker\ARGENT_DAISY-82-20160616_seg046.npz,20160616_46,data\deepship_ps_2_npz\Tanker\ARGENT_DAISY-82-20180722_seg052.npz,20180722_52
ARGENT_DAISY,data\deepship_ps_2_npz\Tanker\ARGENT_DAISY-82-20160616_seg047.npz,20160616_47,data\deepship_ps_2_npz\Tanker\ARGENT_DAISY-82-20180722_seg107.npz,20180722_107
ARGENT_DAISY,data\deepship_ps_2_npz\Tanker\ARGENT_DAISY-82-20160616_seg048.npz,20160616_48,data\deepship_ps_2_npz\Tanker\ARGENT_DAISY-82-20180722_seg086.npz,20180722_86
ARGENT_DAISY,data\deepship_ps_2_npz\Tanker\ARGENT_DAISY-82-20160616_seg050.npz,20160616_50,data\deepship_ps_2_npz\Tanker\ARGENT_DAISY-89-20160924_seg008.npz,20160924_8
ARGENT_DAISY,data\deepship_ps_2_npz\Tanker\ARGENT_DAISY-82-20160616_seg051.npz,20160616_51,data\deepship_ps_2_npz\Tanker\ARGENT_DAISY-89-20160924_seg030.npz,20160924_30
ARGENT_DAISY,data\deepship_ps_2_npz\Tanker\ARGENT_DAISY-82-20160616_seg052.npz,20160616_52,data\deepship_ps_2_npz\Tanker\ARGENT_DAISY-82-20180722_seg149.npz,20180722_149
ARGENT_DAISY,data\deepship_ps_2_npz\Tanker\ARGENT_DAISY-82-20160616_seg054.npz,20160616_54,data\deepship_ps_2_npz\Tanker\ARGENT_DAISY-82-20161121_seg003.npz,20161121_3
ARGENT_DAISY,data\deepship_ps_2_npz\Tanker\ARGENT_DAISY-82-20160616_seg055.npz,20160616_55,data\deepship_ps_2_npz\Tanker\ARGENT_DAISY-82-20180722_seg156.npz,20180722_156
ARGENT_DAISY,data\deepship_ps_2_npz\Tanker\ARGENT_DAISY-82-20160616_seg056.npz,20160616_56,data\deepship_ps_2_npz\Tanker\ARGENT_DAISY-84-20160703_seg004.npz,20160703_4
ARGENT_DAISY,data\deepship_ps_2_npz\Tanker\ARGENT_DAISY-82-20160616_seg057.npz,20160616_57,data\deepship_ps_2_npz\Tanker\ARGENT_DAISY-82-20180722_seg021.npz,20180722_21
ARGENT_DAISY,data\deepship_ps_2_npz\Tanker\ARGENT_DAISY-82-20160616_seg058.npz,20160616_58,data\deepship_ps_2_npz\Tanker\ARGENT_DAISY-89-20160924_seg020.npz,20160924_20
ARGENT_DAISY,data\deepship_ps_2_npz\Tanker\ARGENT_DAISY-82-20160616_seg059.npz,20160616_59,data\deepship_ps_2_npz\Tanker\ARGENT_DAISY-82-20180722_seg025.npz,20180722_25
ARGENT_DAISY,data\deepship_ps_2_npz\Tanker\ARGENT_DAISY-82-20160616_seg061.npz,20160616_61,data\deepship_ps_2_npz\Tanker\ARGENT_DAISY-82-20180722_seg129.npz,20180722_129
ARGENT_DAISY,data\deepship_ps_2_npz\Tanker\ARGENT_DAISY-82-20160616_seg062.npz,20160616_62,data\deepship_ps_2_npz\Tanker\ARGENT_DAISY-82-20180722_seg040.npz,20180722_40
ARGENT_DAISY,data\deepship_ps_2_npz\Tanker\ARGENT_DAISY-82-20160616_seg064.npz,20160616_64,data\deepship_ps_2_npz\Tanker\ARGENT_DAISY-82-20180722_seg042.npz,20180722_42
ARGENT_DAISY,data\deepship_ps_2_npz\Tanker\ARGENT_DAISY-82-20160616_seg065.npz,20160616_65,data\deepship_ps_2_npz\Tanker\ARGENT_DAISY-82-20180722_seg161.npz,20180722_161
ARGENT_DAISY,data\deepship_ps_2_npz\Tanker\ARGENT_DAISY-82-20160616_seg066.npz,20160616_66,data\deepship_ps_2_npz\Tanker\ARGENT_DAISY-82-20180722_seg014.npz,20180722_14
ARGENT_DAISY,data\deepship_ps_2_npz\Tanker\ARGENT_DAISY-82-20160616_seg067.npz,20160616_67,data\deepship_ps_2_npz\Tanker\ARGENT_DAISY-82-20180722_seg028.npz,20180722_28
ARGENT_DAISY,data\deepship_ps_2_npz\Tanker\ARGENT_DAISY-82-20160616_seg068.npz,20160616_68,data\deepship_ps_2_npz\Tanker\ARGENT_DAISY-89-20160924_seg029.npz,20160924_29
ARGENT_DAISY,data\deepship_ps_2_npz\Tanker\ARGENT_DAISY-82-20160616_seg070.npz,20160616_70,data\deepship_ps_2_npz\Tanker\ARGENT_DAISY-82-20180722_seg155.npz,20180722_155
ARGENT_DAISY,data\deepship_ps_2_npz\Tanker\ARGENT_DAISY-82-20160616_seg071.npz,20160616_71,data\deepship_ps_2_npz\Tanker\ARGENT_DAISY-82-20180722_seg089.npz,20180722_89
ARGENT_DAISY,data\deepship_ps_2_npz\Tanker\ARGENT_DAISY-82-20160616_seg072.npz,20160616_72,data\deepship_ps_2_npz\Tanker\ARGENT_DAISY-89-20160924_seg016.npz,20160924_16
ARGENT_DAISY,data\deepship_ps_2_npz\Tanker\ARGENT_DAISY-82-20160616_seg073.npz,20160616_73,data\deepship_ps_2_npz\Tanker\ARGENT_DAISY-82-20180722_seg076.npz,20180722_76
ARGENT_DAISY,data\deepship_ps_2_npz\Tanker\ARGENT_DAISY-82-20160616_seg074.npz,20160616_74,data\deepship_ps_2_npz\Tanker\ARGENT_DAISY-82-20180722_seg046.npz,20180722_46
ARGENT_DAISY,data\deepship_ps_2_npz\Tanker\ARGENT_DAISY-82-20160616_seg075.npz,20160616_75,data\deepship_ps_2_npz\Tanker\ARGENT_DAISY-82-20180722_seg024.npz,20180722_24
ARGENT_DAISY,data\deepship_ps_2_npz\Tanker\ARGENT_DAISY-82-20160616_seg076.npz,20160616_76,data\deepship_ps_2_npz\Tanker\ARGENT_DAISY-82-20180722_seg162.npz,20180722_162
ARGENT_DAISY,data\deepship_ps_2_npz\Tanker\ARGENT_DAISY-82-20160616_seg077.npz,20160616_77,data\deepship_ps_2_npz\Tanker\ARGENT_DAISY-82-20180722_seg048.npz,20180722_48
ARGENT_DAISY,data\deepship_ps_2_npz\Tanker\ARGENT_DAISY-82-20160616_seg078.npz,20160616_78,data\deepship_ps_2_npz\Tanker\ARGENT_DAISY-82-20180722_seg085.npz,20180722_85
ARGENT_DAISY,data\deepship_ps_2_npz\Tanker\ARGENT_DAISY-82-20160616_seg079.npz,20160616_79,data\deepship_ps_2_npz\Tanker\ARGENT_DAISY-82-20180722_seg012.npz,20180722_12
ARGENT_DAISY,data\deepship_ps_2_npz\Tanker\ARGENT_DAISY-82-20160616_seg080.npz,20160616_80,data\deepship_ps_2_npz\Tanker\ARGENT_DAISY-82-20180722_seg053.npz,20180722_53
ARGENT_DAISY,data\deepship_ps_2_npz\Tanker\ARGENT_DAISY-82-20160616_seg081.npz,20160616_81,data\deepship_ps_2_npz\Tanker\ARGENT_DAISY-82-20180722_seg093.npz,20180722_93
ARGENT_DAISY,data\deepship_ps_2_npz\Tanker\ARGENT_DAISY-82-20160616_seg084.npz,20160616_84,data\deepship_ps_2_npz\Tanker\ARGENT_DAISY-82-20161121_seg005.npz,20161121_5
ARGENT_DAISY,data\deepship_ps_2_npz\Tanker\ARGENT_DAISY-82-20160616_seg085.npz,20160616_85,data\deepship_ps_2_npz\Tanker\ARGENT_DAISY-82-20180722_seg054.npz,20180722_54
ARGENT_DAISY,data\deepship_ps_2_npz\Tanker\ARGENT_DAISY-82-20160616_seg086.npz,20160616_86,data\deepship_ps_2_npz\Tanker\ARGENT_DAISY-82-20180722_seg081.npz,20180722_81
ARGENT_DAISY,data\deepship_ps_2_npz\Tanker\ARGENT_DAISY-82-20160616_seg087.npz,20160616_87,data\deepship_ps_2_npz\Tanker\ARGENT_DAISY-89-20160924_seg037.npz,20160924_37
ARGENT_DAISY,data\deepship_ps_2_npz\Tanker\ARGENT_DAISY-82-20160616_seg090.npz,20160616_90,data\deepship_ps_2_npz\Tanker\ARGENT_DAISY-82-20180722_seg106.npz,20180722_106
ARGENT_DAISY,data\deepship_ps_2_npz\Tanker\ARGENT_DAISY-82-20160616_seg091.npz,20160616_91,data\deepship_ps_2_npz\Tanker\ARGENT_DAISY-82-20180722_seg140.npz,20180722_140
ARGENT_DAISY,data\deepship_ps_2_npz\Tanker\ARGENT_DAISY-82-20160616_seg093.npz,20160616_93,data\deepship_ps_2_npz\Tanker\ARGENT_DAISY-82-20180722_seg009.npz,20180722_9
ARGENT_DAISY,data\deepship_ps_2_npz\Tanker\ARGENT_DAISY-82-20160616_seg095.npz,20160616_95,data\deepship_ps_2_npz\Tanker\ARGENT_DAISY-89-20160924_seg054.npz,20160924_54
ARGENT_DAISY,data\deepship_ps_2_npz\Tanker\ARGENT_DAISY-82-20160616_seg097.npz,20160616_97,data\deepship_ps_2_npz\Tanker\ARGENT_DAISY-89-20160924_seg012.npz,20160924_12
ARGENT_DAISY,data\deepship_ps_2_npz\Tanker\ARGENT_DAISY-82-20160616_seg098.npz,20160616_98,data\deepship_ps_2_npz\Tanker\ARGENT_DAISY-82-20180722_seg097.npz,20180722_97
ARGENT_DAISY,data\deepship_ps_2_npz\Tanker\ARGENT_DAISY-82-20160616_seg099.npz,20160616_99,data\deepship_ps_2_npz\Tanker\ARGENT_DAISY-82-20180722_seg087.npz,20180722_87
ARGENT_DAISY,data\deepship_ps_2_npz\Tanker\ARGENT_DAISY-82-20160616_seg100.npz,20160616_100,data\deepship_ps_2_npz\Tanker\ARGENT_DAISY-82-20180722_seg039.npz,20180722_39
ARGENT_DAISY,data\deepship_ps_2_npz\Tanker\ARGENT_DAISY-82-20160616_seg101.npz,20160616_101,data\deepship_ps_2_npz\Tanker\ARGENT_DAISY-82-20180722_seg121.npz,20180722_121
ARGENT_DAISY,data\deepship_ps_2_npz\Tanker\ARGENT_DAISY-82-20160616_seg102.npz,20160616_102,data\deepship_ps_2_npz\Tanker\ARGENT_DAISY-89-20160924_seg026.npz,20160924_26
ARGENT_DAISY,data\deepship_ps_2_npz\Tanker\ARGENT_DAISY-82-20160616_seg107.npz,20160616_107,data\deepship_ps_2_npz\Tanker\ARGENT_DAISY-82-20180722_seg096.npz,20180722_96
ARGENT_DAISY,data\deepship_ps_2_npz\Tanker\ARGENT_DAISY-82-20160616_seg108.npz,20160616_108,data\deepship_ps_2_npz\Tanker\ARGENT_DAISY-82-20180722_seg138.npz,20180722_138
ARGENT_DAISY,data\deepship_ps_2_npz\Tanker\ARGENT_DAISY-82-20160616_seg109.npz,20160616_109,data\deepship_ps_2_npz\Tanker\ARGENT_DAISY-82-20180722_seg131.npz,20180722_131
ARGENT_DAISY,data\deepship_ps_2_npz\Tanker\ARGENT_DAISY-82-20160616_seg111.npz,20160616_111,data\deepship_ps_2_npz\Tanker\ARGENT_DAISY-82-20180722_seg144.npz,20180722_144
ARGENT_DAISY,data\deepship_ps_2_npz\Tanker\ARGENT_DAISY-82-20160616_seg114.npz,20160616_114,data\deepship_ps_2_npz\Tanker\ARGENT_DAISY-82-20180722_seg023.npz,20180722_23
ARGENT_DAISY,data\deepship_ps_2_npz\Tanker\ARGENT_DAISY-82-20160616_seg115.npz,20160616_115,data\deepship_ps_2_npz\Tanker\ARGENT_DAISY-82-20180722_seg006.npz,20180722_6
ARGENT_DAISY,data\deepship_ps_2_npz\Tanker\ARGENT_DAISY-82-20160616_seg117.npz,20160616_117,data\deepship_ps_2_npz\Tanker\ARGENT_DAISY-82-20180722_seg165.npz,20180722_165
ARGENT_DAISY,data\deepship_ps_2_npz\Tanker\ARGENT_DAISY-82-20160616_seg119.npz,20160616_119,data\deepship_ps_2_npz\Tanker\ARGENT_DAISY-82-20180722_seg057.npz,20180722_57
ARGENT_DAISY,data\deepship_ps_2_npz\Tanker\ARGENT_DAISY-82-20160616_seg121.npz,20160616_121,data\deepship_ps_2_npz\Tanker\ARGENT_DAISY-82-20180722_seg160.npz,20180722_160
ARGENT_DAISY,data\deepship_ps_2_npz\Tanker\ARGENT_DAISY-82-20160616_seg122.npz,20160616_122,data\deepship_ps_2_npz\Tanker\ARGENT_DAISY-82-20180722_seg098.npz,20180722_98
ARGENT_DAISY,data\deepship_ps_2_npz\Tanker\ARGENT_DAISY-82-20160616_seg128.npz,20160616_128,data\deepship_ps_2_npz\Tanker\ARGENT_DAISY-82-20180722_seg033.npz,20180722_33
ARGENT_DAISY,data\deepship_ps_2_npz\Tanker\ARGENT_DAISY-82-20160616_seg129.npz,20160616_129,data\deepship_ps_2_npz\Tanker\ARGENT_DAISY-89-20160924_seg001.npz,20160924_1
ARGENT_DAISY,data\deepship_ps_2_npz\Tanker\ARGENT_DAISY-82-20160616_seg130.npz,20160616_130,data\deepship_ps_2_npz\Tanker\ARGENT_DAISY-89-20160924_seg009.npz,20160924_9
ARGENT_DAISY,data\deepship_ps_2_npz\Tanker\ARGENT_DAISY-82-20160616_seg131.npz,20160616_131,data\deepship_ps_2_npz\Tanker\ARGENT_DAISY-89-20160924_seg003.npz,20160924_3
ARGENT_DAISY,data\deepship_ps_2_npz\Tanker\ARGENT_DAISY-82-20160616_seg133.npz,20160616_133,data\deepship_ps_2_npz\Tanker\ARGENT_DAISY-82-20161121_seg012.npz,20161121_12
ARGENT_DAISY,data\deepship_ps_2_npz\Tanker\ARGENT_DAISY-82-20161121_seg001.npz,20161121_1,data\deepship_ps_2_npz\Tanker\ARGENT_DAISY-89-20160924_seg014.npz,20160924_14
ARGENT_DAISY,data\deepship_ps_2_npz\Tanker\ARGENT_DAISY-82-20161121_seg004.npz,20161121_4,data\deepship_ps_2_npz\Tanker\ARGENT_DAISY-89-20160924_seg039.npz,20160924_39
ARGENT_DAISY,data\deepship_ps_2_npz\Tanker\ARGENT_DAISY-82-20161121_seg009.npz,20161121_9,data\deepship_ps_2_npz\Tanker\ARGENT_DAISY-89-20160924_seg033.npz,20160924_33
ARGENT_DAISY,data\deepship_ps_2_npz\Tanker\ARGENT_DAISY-82-20161121_seg013.npz,20161121_13,data\deepship_ps_2_npz\Tanker\ARGENT_DAISY-82-20180722_seg073.npz,20180722_73
ARGENT_DAISY,data\deepship_ps_2_npz\Tanker\ARGENT_DAISY-82-20161121_seg014.npz,20161121_14,data\deepship_ps_2_npz\Tanker\ARGENT_DAISY-82-20180722_seg116.npz,20180722_116
ARGENT_DAISY,data\deepship_ps_2_npz\Tanker\ARGENT_DAISY-82-20180722_seg004.npz,20180722_4,data\deepship_ps_2_npz\Tanker\ARGENT_DAISY-82-20160616_seg088.npz,20160616_88
ARGENT_DAISY,data\deepship_ps_2_npz\Tanker\ARGENT_DAISY-82-20180722_seg010.npz,20180722_10,data\deepship_ps_2_npz\Tanker\ARGENT_DAISY-89-20160924_seg052.npz,20160924_52
ARGENT_DAISY,data\deepship_ps_2_npz\Tanker\ARGENT_DAISY-82-20180722_seg011.npz,20180722_11,data\deepship_ps_2_npz\Tanker\ARGENT_DAISY-89-20160924_seg010.npz,20160924_10
ARGENT_DAISY,data\deepship_ps_2_npz\Tanker\ARGENT_DAISY-82-20180722_seg013.npz,20180722_13,data\deepship_ps_2_npz\Tanker\ARGENT_DAISY-82-20160616_seg132.npz,20160616_132
ARGENT_DAISY,data\deepship_ps_2_npz\Tanker\ARGENT_DAISY-82-20180722_seg019.npz,20180722_19,data\deepship_ps_2_npz\Tanker\ARGENT_DAISY-89-20160924_seg045.npz,20160924_45
ARGENT_DAISY,data\deepship_ps_2_npz\Tanker\ARGENT_DAISY-82-20180722_seg022.npz,20180722_22,data\deepship_ps_2_npz\Tanker\ARGENT_DAISY-82-20160616_seg094.npz,20160616_94
ARGENT_DAISY,data\deepship_ps_2_npz\Tanker\ARGENT_DAISY-82-20180722_seg026.npz,20180722_26,data\deepship_ps_2_npz\Tanker\ARGENT_DAISY-82-20160616_seg118.npz,20160616_118
ARGENT_DAISY,data\deepship_ps_2_npz\Tanker\ARGENT_DAISY-82-20180722_seg027.npz,20180722_27,data\deepship_ps_2_npz\Tanker\ARGENT_DAISY-89-20160924_seg018.npz,20160924_18
ARGENT_DAISY,data\deepship_ps_2_npz\Tanker\ARGENT_DAISY-82-20180722_seg032.npz,20180722_32,data\deepship_ps_2_npz\Tanker\ARGENT_DAISY-89-20160924_seg031.npz,20160924_31
ARGENT_DAISY,data\deepship_ps_2_npz\Tanker\ARGENT_DAISY-82-20180722_seg038.npz,20180722_38,data\deepship_ps_2_npz\Tanker\ARGENT_DAISY-82-20160616_seg120.npz,20160616_120
ARGENT_DAISY,data\deepship_ps_2_npz\Tanker\ARGENT_DAISY-82-20180722_seg044.npz,20180722_44,data\deepship_ps_2_npz\Tanker\ARGENT_DAISY-89-20160924_seg034.npz,20160924_34
ARGENT_DAISY,data\deepship_ps_2_npz\Tanker\ARGENT_DAISY-82-20180722_seg059.npz,20180722_59,data\deepship_ps_2_npz\Tanker\ARGENT_DAISY-82-20160616_seg030.npz,20160616_30
ARGENT_DAISY,data\deepship_ps_2_npz\Tanker\ARGENT_DAISY-82-20180722_seg062.npz,20180722_62,data\deepship_ps_2_npz\Tanker\ARGENT_DAISY-82-20160616_seg096.npz,20160616_96
ARGENT_DAISY,data\deepship_ps_2_npz\Tanker\ARGENT_DAISY-82-20180722_seg065.npz,20180722_65,data\deepship_ps_2_npz\Tanker\ARGENT_DAISY-82-20160616_seg110.npz,20160616_110
ARGENT_DAISY,data\deepship_ps_2_npz\Tanker\ARGENT_DAISY-82-20180722_seg067.npz,20180722_67,data\deepship_ps_2_npz\Tanker\ARGENT_DAISY-89-20160924_seg004.npz,20160924_4
ARGENT_DAISY,data\deepship_ps_2_npz\Tanker\ARGENT_DAISY-82-20180722_seg070.npz,20180722_70,data\deepship_ps_2_npz\Tanker\ARGENT_DAISY-89-20160924_seg050.npz,20160924_50
ARGENT_DAISY,data\deepship_ps_2_npz\Tanker\ARGENT_DAISY-82-20180722_seg077.npz,20180722_77,data\deepship_ps_2_npz\Tanker\ARGENT_DAISY-89-20160924_seg057.npz,20160924_57
ARGENT_DAISY,data\deepship_ps_2_npz\Tanker\ARGENT_DAISY-82-20180722_seg078.npz,20180722_78,data\deepship_ps_2_npz\Tanker\ARGENT_DAISY-82-20160616_seg053.npz,20160616_53
ARGENT_DAISY,data\deepship_ps_2_npz\Tanker\ARGENT_DAISY-82-20180722_seg083.npz,20180722_83,data\deepship_ps_2_npz\Tanker\ARGENT_DAISY-89-20160924_seg023.npz,20160924_23
ARGENT_DAISY,data\deepship_ps_2_npz\Tanker\ARGENT_DAISY-82-20180722_seg104.npz,20180722_104,data\deepship_ps_2_npz\Tanker\ARGENT_DAISY-82-20160616_seg106.npz,20160616_106
ARGENT_DAISY,data\deepship_ps_2_npz\Tanker\ARGENT_DAISY-82-20180722_seg108.npz,20180722_108,data\deepship_ps_2_npz\Tanker\ARGENT_DAISY-89-20160924_seg036.npz,20160924_36
ARGENT_DAISY,data\deepship_ps_2_npz\Tanker\ARGENT_DAISY-82-20180722_seg114.npz,20180722_114,data\deepship_ps_2_npz\Tanker\ARGENT_DAISY-89-20160924_seg022.npz,20160924_22
ARGENT_DAISY,data\deepship_ps_2_npz\Tanker\ARGENT_DAISY-82-20180722_seg119.npz,20180722_119,data\deepship_ps_2_npz\Tanker\ARGENT_DAISY-89-20160924_seg046.npz,20160924_46
ARGENT_DAISY,data\deepship_ps_2_npz\Tanker\ARGENT_DAISY-82-20180722_seg125.npz,20180722_125,data\deepship_ps_2_npz\Tanker\ARGENT_DAISY-89-20160924_seg048.npz,20160924_48
ARGENT_DAISY,data\deepship_ps_2_npz\Tanker\ARGENT_DAISY-82-20180722_seg126.npz,20180722_126,data\deepship_ps_2_npz\Tanker\ARGENT_DAISY-89-20160924_seg019.npz,20160924_19
ARGENT_DAISY,data\deepship_ps_2_npz\Tanker\ARGENT_DAISY-82-20180722_seg130.npz,20180722_130,data\deepship_ps_2_npz\Tanker\ARGENT_DAISY-82-20161121_seg017.npz,20161121_17
ARGENT_DAISY,data\deepship_ps_2_npz\Tanker\ARGENT_DAISY-82-20180722_seg132.npz,20180722_132,data\deepship_ps_2_npz\Tanker\ARGENT_DAISY-89-20160924_seg053.npz,20160924_53
ARGENT_DAISY,data\deepship_ps_2_npz\Tanker\ARGENT_DAISY-82-20180722_seg135.npz,20180722_135,data\deepship_ps_2_npz\Tanker\ARGENT_DAISY-82-20160616_seg103.npz,20160616_103
ARGENT_DAISY,data\deepship_ps_2_npz\Tanker\ARGENT_DAISY-82-20180722_seg145.npz,20180722_145,data\deepship_ps_2_npz\Tanker\ARGENT_DAISY-82-20160616_seg031.npz,20160616_31
ARGENT_DAISY,data\deepship_ps_2_npz\Tanker\ARGENT_DAISY-82-20180722_seg147.npz,20180722_147,data\deepship_ps_2_npz\Tanker\ARGENT_DAISY-89-20160924_seg024.npz,20160924_24
ARGENT_DAISY,data\deepship_ps_2_npz\Tanker\ARGENT_DAISY-82-20180722_seg154.npz,20180722_154,data\deepship_ps_2_npz\Tanker\ARGENT_DAISY-82-20160616_seg123.npz,20160616_123
ARGENT_DAISY,data\deepship_ps_2_npz\Tanker\ARGENT_DAISY-89-20160924_seg038.npz,20160924_38,data\deepship_ps_2_npz\Tanker\ARGENT_DAISY-82-20180722_seg064.npz,20180722_64
ARGENT_DAISY,data\deepship_ps_2_npz\Tanker\ARGENT_DAISY-89-20160924_seg041.npz,20160924_41,data\deepship_ps_2_npz\Tanker\ARGENT_DAISY-82-20180722_seg091.npz,20180722_91
ARGENT_DAISY,data\deepship_ps_2_npz\Tanker\ARGENT_DAISY-89-20160924_seg051.npz,20160924_51,data\deepship_ps_2_npz\Tanker\ARGENT_DAISY-82-20180722_seg080.npz,20180722_80
ARGENT_SUNRISE,data\deepship_ps_2_npz\Tanker\ARGENT_SUNRISE-80-20161110_seg001.npz,20161110_1,data\deepship_ps_2_npz\Tanker\ARGENT_SUNRISE-82-20160810_seg011.npz,20160810_11
ARGENT_SUNRISE,data\deepship_ps_2_npz\Tanker\ARGENT_SUNRISE-80-20161110_seg002.npz,20161110_2,data\deepship_ps_2_npz\Tanker\ARGENT_SUNRISE-82-20160810_seg026.npz,20160810_26
ARGENT_SUNRISE,data\deepship_ps_2_npz\Tanker\ARGENT_SUNRISE-80-20161110_seg003.npz,20161110_3,data\deepship_ps_2_npz\Tanker\ARGENT_SUNRISE-82-20160810_seg022.npz,20160810_22
ARGENT_SUNRISE,data\deepship_ps_2_npz\Tanker\ARGENT_SUNRISE-80-20161110_seg004.npz,20161110_4,data\deepship_ps_2_npz\Tanker\ARGENT_SUNRISE-82-20160810_seg014.npz,20160810_14
ARGENT_SUNRISE,data\deepship_ps_2_npz\Tanker\ARGENT_SUNRISE-80-20161110_seg005.npz,20161110_5,data\deepship_ps_2_npz\Tanker\ARGENT_SUNRISE-82-20160810_seg008.npz,20160810_8
ARGENT_SUNRISE,data\deepship_ps_2_npz\Tanker\ARGENT_SUNRISE-80-20161110_seg006.npz,20161110_6,data\deepship_ps_2_npz\Tanker\ARGENT_SUNRISE-82-20160810_seg016.npz,20160810_16
ARGENT_SUNRISE,data\deepship_ps_2_npz\Tanker\ARGENT_SUNRISE-80-20161110_seg007.npz,20161110_7,data\deepship_ps_2_npz\Tanker\ARGENT_SUNRISE-82-20171126_seg005.npz,20171126_5
ARGENT_SUNRISE,data\deepship_ps_2_npz\Tanker\ARGENT_SUNRISE-80-20161110_seg008.npz,20161110_8,data\deepship_ps_2_npz\Tanker\ARGENT_SUNRISE-82-20160615_seg008.npz,20160615_8
ARGENT_SUNRISE,data\deepship_ps_2_npz\Tanker\ARGENT_SUNRISE-80-20161110_seg012.npz,20161110_12,data\deepship_ps_2_npz\Tanker\ARGENT_SUNRISE-82-20160810_seg003.npz,20160810_3
ARGENT_SUNRISE,data\deepship_ps_2_npz\Tanker\ARGENT_SUNRISE-80-20161110_seg013.npz,20161110_13,data\deepship_ps_2_npz\Tanker\ARGENT_SUNRISE-82-20160810_seg028.npz,20160810_28
ARGENT_SUNRISE,data\deepship_ps_2_npz\Tanker\ARGENT_SUNRISE-80-20161110_seg014.npz,20161110_14,data\deepship_ps_2_npz\Tanker\ARGENT_SUNRISE-82-20180208_seg003.npz,20180208_3
ARGENT_SUNRISE,data\deepship_ps_2_npz\Tanker\ARGENT_SUNRISE-80-20161125_seg001.npz,20161125_1,data\deepship_ps_2_npz\Tanker\ARGENT_SUNRISE-82-20160810_seg034.npz,20160810_34
ARGENT_SUNRISE,data\deepship_ps_2_npz\Tanker\ARGENT_SUNRISE-80-20161125_seg002.npz,20161125_2,data\deepship_ps_2_npz\Tanker\ARGENT_SUNRISE-82-20160810_seg032.npz,20160810_32
ARGENT_SUNRISE,data\deepship_ps_2_npz\Tanker\ARGENT_SUNRISE-80-20161125_seg003.npz,20161125_3,data\deepship_ps_2_npz\Tanker\ARGENT_SUNRISE-82-20160810_seg020.npz,20160810_20
ARGENT_SUNRISE,data\deepship_ps_2_npz\Tanker\ARGENT_SUNRISE-82-20160615_seg001.npz,20160615_1,data\deepship_ps_2_npz\Tanker\ARGENT_SUNRISE-82-20180208_seg008.npz,20180208_8
ARGENT_SUNRISE,data\deepship_ps_2_npz\Tanker\ARGENT_SUNRISE-82-20160615_seg003.npz,20160615_3,data\deepship_ps_2_npz\Tanker\ARGENT_SUNRISE-82-20160810_seg019.npz,20160810_19
ARGENT_SUNRISE,data\deepship_ps_2_npz\Tanker\ARGENT_SUNRISE-82-20160615_seg005.npz,20160615_5,data\deepship_ps_2_npz\Tanker\ARGENT_SUNRISE-82-20160810_seg001.npz,20160810_1
ARGENT_SUNRISE,data\deepship_ps_2_npz\Tanker\ARGENT_SUNRISE-82-20160615_seg006.npz,20160615_6,data\deepship_ps_2_npz\Tanker\ARGENT_SUNRISE-82-20160810_seg018.npz,20160810_18
ARGENT_SUNRISE,data\deepship_ps_2_npz\Tanker\ARGENT_SUNRISE-82-20160615_seg007.npz,20160615_7,data\deepship_ps_2_npz\Tanker\ARGENT_SUNRISE-82-20160810_seg006.npz,20160810_6
ARGENT_SUNRISE,data\deepship_ps_2_npz\Tanker\ARGENT_SUNRISE-82-20160810_seg005.npz,20160810_5,data\deepship_ps_2_npz\Tanker\ARGENT_SUNRISE-82-20180208_seg005.npz,20180208_5
ARGENT_SUNRISE,data\deepship_ps_2_npz\Tanker\ARGENT_SUNRISE-82-20160810_seg007.npz,20160810_7,data\deepship_ps_2_npz\Tanker\ARGENT_SUNRISE-82-20160615_seg002.npz,20160615_2
ARGENT_SUNRISE,data\deepship_ps_2_npz\Tanker\ARGENT_SUNRISE-82-20160810_seg012.npz,20160810_12,data\deepship_ps_2_npz\Tanker\ARGENT_SUNRISE-82-20180208_seg002.npz,20180208_2
ARGENT_SUNRISE,data\deepship_ps_2_npz\Tanker\ARGENT_SUNRISE-82-20160810_seg021.npz,20160810_21,data\deepship_ps_2_npz\Tanker\ARGENT_SUNRISE-82-20180208_seg007.npz,20180208_7
ARGENT_SUNRISE,data\deepship_ps_2_npz\Tanker\ARGENT_SUNRISE-82-20160810_seg027.npz,20160810_27,data\deepship_ps_2_npz\Tanker\ARGENT_SUNRISE-82-20180208_seg006.npz,20180208_6
ARGENT_SUNRISE,data\deepship_ps_2_npz\Tanker\ARGENT_SUNRISE-82-20160810_seg030.npz,20160810_30,data\deepship_ps_2_npz\Tanker\ARGENT_SUNRISE-80-20161110_seg009.npz,20161110_9
ARGENT_SUNRISE,data\deepship_ps_2_npz\Tanker\ARGENT_SUNRISE-82-20160810_seg033.npz,20160810_33,data\deepship_ps_2_npz\Tanker\ARGENT_SUNRISE-82-20171126_seg002.npz,20171126_2
ARGENT_SUNRISE,data\deepship_ps_2_npz\Tanker\ARGENT_SUNRISE-82-20171126_seg003.npz,20171126_3,data\deepship_ps_2_npz\Tanker\ARGENT_SUNRISE-82-20180208_seg004.npz,20180208_4
ARGENT_SUNRISE,data\deepship_ps_2_npz\Tanker\ARGENT_SUNRISE-82-20171126_seg006.npz,20171126_6,data\deepship_ps_2_npz\Tanker\ARGENT_SUNRISE-82-20160810_seg035.npz,20160810_35
ARISTOKLIS,data\deepship_ps_2_npz\Tanker\ARISTOKLIS-80-20180529_seg001.npz,20180529_1,data\deepship_ps_2_npz\Tanker\ARISTOKLIS-80-20180725_seg022.npz,20180725_22
ARISTOKLIS,data\deepship_ps_2_npz\Tanker\ARISTOKLIS-80-20180529_seg002.npz,20180529_2,data\deepship_ps_2_npz\Tanker\ARISTOKLIS-80-20180725_seg090.npz,20180725_90
ARISTOKLIS,data\deepship_ps_2_npz\Tanker\ARISTOKLIS-80-20180529_seg003.npz,20180529_3,data\deepship_ps_2_npz\Tanker\ARISTOKLIS-80-20180725_seg115.npz,20180725_115
ARISTOKLIS,data\deepship_ps_2_npz\Tanker\ARISTOKLIS-80-20180529_seg004.npz,20180529_4,data\deepship_ps_2_npz\Tanker\ARISTOKLIS-80-20180725_seg046.npz,20180725_46
ARISTOKLIS,data\deepship_ps_2_npz\Tanker\ARISTOKLIS-80-20180529_seg005.npz,20180529_5,data\deepship_ps_2_npz\Tanker\ARISTOKLIS-80-20180725_seg009.npz,20180725_9
ARISTOKLIS,data\deepship_ps_2_npz\Tanker\ARISTOKLIS-80-20180529_seg006.npz,20180529_6,data\deepship_ps_2_npz\Tanker\ARISTOKLIS-80-20180725_seg111.npz,20180725_111
ARISTOKLIS,data\deepship_ps_2_npz\Tanker\ARISTOKLIS-80-20180529_seg007.npz,20180529_7,data\deepship_ps_2_npz\Tanker\ARISTOKLIS-80-20180725_seg060.npz,20180725_60
ARISTOKLIS,data\deepship_ps_2_npz\Tanker\ARISTOKLIS-80-20180529_seg008.npz,20180529_8,data\deepship_ps_2_npz\Tanker\ARISTOKLIS-80-20180725_seg037.npz,20180725_37
ARISTOKLIS,data\deepship_ps_2_npz\Tanker\ARISTOKLIS-80-20180529_seg010.npz,20180529_10,data\deepship_ps_2_npz\Tanker\ARISTOKLIS-80-20180725_seg045.npz,20180725_45
ARISTOKLIS,data\deepship_ps_2_npz\Tanker\ARISTOKLIS-80-20180529_seg011.npz,20180529_11,data\deepship_ps_2_npz\Tanker\ARISTOKLIS-80-20180725_seg003.npz,20180725_3
ARISTOKLIS,data\deepship_ps_2_npz\Tanker\ARISTOKLIS-80-20180529_seg012.npz,20180529_12,data\deepship_ps_2_npz\Tanker\ARISTOKLIS-80-20180725_seg081.npz,20180725_81
ARISTOKLIS,data\deepship_ps_2_npz\Tanker\ARISTOKLIS-80-20180529_seg013.npz,20180529_13,data\deepship_ps_2_npz\Tanker\ARISTOKLIS-80-20180725_seg076.npz,20180725_76
ARISTOKLIS,data\deepship_ps_2_npz\Tanker\ARISTOKLIS-80-20180529_seg014.npz,20180529_14,data\deepship_ps_2_npz\Tanker\ARISTOKLIS-80-20180725_seg021.npz,20180725_21
ARISTOKLIS,data\deepship_ps_2_npz\Tanker\ARISTOKLIS-80-20180529_seg015.npz,20180529_15,data\deepship_ps_2_npz\Tanker\ARISTOKLIS-80-20180725_seg047.npz,20180725_47
ARISTOKLIS,data\deepship_ps_2_npz\Tanker\ARISTOKLIS-80-20180529_seg017.npz,20180529_17,data\deepship_ps_2_npz\Tanker\ARISTOKLIS-80-20180725_seg031.npz,20180725_31
ARISTOKLIS,data\deepship_ps_2_npz\Tanker\ARISTOKLIS-80-20180529_seg018.npz,20180529_18,data\deepship_ps_2_npz\Tanker\ARISTOKLIS-80-20180725_seg053.npz,20180725_53
ARISTOKLIS,data\deepship_ps_2_npz\Tanker\ARISTOKLIS-80-20180529_seg019.npz,20180529_19,data\deepship_ps_2_npz\Tanker\ARISTOKLIS-80-20180725_seg106.npz,20180725_106
ARISTOKLIS,data\deepship_ps_2_npz\Tanker\ARISTOKLIS-80-20180529_seg020.npz,20180529_20,data\deepship_ps_2_npz\Tanker\ARISTOKLIS-80-20180725_seg020.npz,20180725_20
ARISTOKLIS,data\deepship_ps_2_npz\Tanker\ARISTOKLIS-80-20180529_seg021.npz,20180529_21,data\deepship_ps_2_npz\Tanker\ARISTOKLIS-80-20180725_seg107.npz,20180725_107
ARISTOKLIS,data\deepship_ps_2_npz\Tanker\ARISTOKLIS-80-20180529_seg022.npz,20180529_22,data\deepship_ps_2_npz\Tanker\ARISTOKLIS-80-20180725_seg016.npz,20180725_16
ARISTOKLIS,data\deepship_ps_2_npz\Tanker\ARISTOKLIS-80-20180529_seg023.npz,20180529_23,data\deepship_ps_2_npz\Tanker\ARISTOKLIS-80-20180725_seg100.npz,20180725_100
ARISTOKLIS,data\deepship_ps_2_npz\Tanker\ARISTOKLIS-80-20180529_seg024.npz,20180529_24,data\deepship_ps_2_npz\Tanker\ARISTOKLIS-80-20180725_seg049.npz,20180725_49
ARISTOKLIS,data\deepship_ps_2_npz\Tanker\ARISTOKLIS-80-20180529_seg025.npz,20180529_25,data\deepship_ps_2_npz\Tanker\ARISTOKLIS-80-20180725_seg109.npz,20180725_109
ARISTOKLIS,data\deepship_ps_2_npz\Tanker\ARISTOKLIS-80-20180529_seg026.npz,20180529_26,data\deepship_ps_2_npz\Tanker\ARISTOKLIS-80-20180725_seg055.npz,20180725_55
ARISTOKLIS,data\deepship_ps_2_npz\Tanker\ARISTOKLIS-80-20180529_seg027.npz,20180529_27,data\deepship_ps_2_npz\Tanker\ARISTOKLIS-80-20180725_seg062.npz,20180725_62
ARISTOKLIS,data\deepship_ps_2_npz\Tanker\ARISTOKLIS-80-20180529_seg028.npz,20180529_28,data\deepship_ps_2_npz\Tanker\ARISTOKLIS-80-20180725_seg048.npz,20180725_48
ARISTOKLIS,data\deepship_ps_2_npz\Tanker\ARISTOKLIS-80-20180529_seg030.npz,20180529_30,data\deepship_ps_2_npz\Tanker\ARISTOKLIS-80-20180725_seg072.npz,20180725_72
ARISTOKLIS,data\deepship_ps_2_npz\Tanker\ARISTOKLIS-80-20180529_seg031.npz,20180529_31,data\deepship_ps_2_npz\Tanker\ARISTOKLIS-80-20180725_seg101.npz,20180725_101
ARISTOKLIS,data\deepship_ps_2_npz\Tanker\ARISTOKLIS-80-20180529_seg032.npz,20180529_32,data\deepship_ps_2_npz\Tanker\ARISTOKLIS-80-20180725_seg041.npz,20180725_41
ARISTOKLIS,data\deepship_ps_2_npz\Tanker\ARISTOKLIS-80-20180529_seg034.npz,20180529_34,data\deepship_ps_2_npz\Tanker\ARISTOKLIS-80-20180725_seg054.npz,20180725_54
ARISTOKLIS,data\deepship_ps_2_npz\Tanker\ARISTOKLIS-80-20180529_seg037.npz,20180529_37,data\deepship_ps_2_npz\Tanker\ARISTOKLIS-80-20180725_seg014.npz,20180725_14
ARISTOKLIS,data\deepship_ps_2_npz\Tanker\ARISTOKLIS-80-20180529_seg038.npz,20180529_38,data\deepship_ps_2_npz\Tanker\ARISTOKLIS-80-20180725_seg094.npz,20180725_94
ARISTOKLIS,data\deepship_ps_2_npz\Tanker\ARISTOKLIS-80-20180529_seg039.npz,20180529_39,data\deepship_ps_2_npz\Tanker\ARISTOKLIS-80-20180725_seg116.npz,20180725_116
ARISTOKLIS,data\deepship_ps_2_npz\Tanker\ARISTOKLIS-80-20180529_seg040.npz,20180529_40,data\deepship_ps_2_npz\Tanker\ARISTOKLIS-80-20180725_seg098.npz,20180725_98
ARISTOKLIS,data\deepship_ps_2_npz\Tanker\ARISTOKLIS-80-20180529_seg042.npz,20180529_42,data\deepship_ps_2_npz\Tanker\ARISTOKLIS-80-20180725_seg050.npz,20180725_50
ARISTOKLIS,data\deepship_ps_2_npz\Tanker\ARISTOKLIS-80-20180529_seg043.npz,20180529_43,data\deepship_ps_2_npz\Tanker\ARISTOKLIS-80-20180725_seg074.npz,20180725_74
ARISTOKLIS,data\deepship_ps_2_npz\Tanker\ARISTOKLIS-80-20180529_seg044.npz,20180529_44,data\deepship_ps_2_npz\Tanker\ARISTOKLIS-80-20180725_seg099.npz,20180725_99
ARISTOKLIS,data\deepship_ps_2_npz\Tanker\ARISTOKLIS-80-20180529_seg045.npz,20180529_45,data\deepship_ps_2_npz\Tanker\ARISTOKLIS-80-20180725_seg093.npz,20180725_93
ARISTOKLIS,data\deepship_ps_2_npz\Tanker\ARISTOKLIS-80-20180529_seg047.npz,20180529_47,data\deepship_ps_2_npz\Tanker\ARISTOKLIS-80-20180725_seg103.npz,20180725_103
ARISTOKLIS,data\deepship_ps_2_npz\Tanker\ARISTOKLIS-80-20180529_seg049.npz,20180529_49,data\deepship_ps_2_npz\Tanker\ARISTOKLIS-80-20180725_seg007.npz,20180725_7
ARISTOKLIS,data\deepship_ps_2_npz\Tanker\ARISTOKLIS-80-20180529_seg050.npz,20180529_50,data\deepship_ps_2_npz\Tanker\ARISTOKLIS-80-20180725_seg028.npz,20180725_28
ARISTOKLIS,data\deepship_ps_2_npz\Tanker\ARISTOKLIS-80-20180529_seg052.npz,20180529_52,data\deepship_ps_2_npz\Tanker\ARISTOKLIS-80-20180725_seg010.npz,20180725_10
ARISTOKLIS,data\deepship_ps_2_npz\Tanker\ARISTOKLIS-80-20180529_seg055.npz,20180529_55,data\deepship_ps_2_npz\Tanker\ARISTOKLIS-80-20180725_seg112.npz,20180725_112
ARISTOKLIS,data\deepship_ps_2_npz\Tanker\ARISTOKLIS-80-20180529_seg057.npz,20180529_57,data\deepship_ps_2_npz\Tanker\ARISTOKLIS-80-20180725_seg097.npz,20180725_97
ARISTOKLIS,data\deepship_ps_2_npz\Tanker\ARISTOKLIS-80-20180529_seg059.npz,20180529_59,data\deepship_ps_2_npz\Tanker\ARISTOKLIS-80-20180725_seg029.npz,20180725_29
ARISTOKLIS,data\deepship_ps_2_npz\Tanker\ARISTOKLIS-80-20180529_seg060.npz,20180529_60,data\deepship_ps_2_npz\Tanker\ARISTOKLIS-80-20180725_seg079.npz,20180725_79
ARISTOKLIS,data\deepship_ps_2_npz\Tanker\ARISTOKLIS-80-20180529_seg062.npz,20180529_62,data\deepship_ps_2_npz\Tanker\ARISTOKLIS-80-20180725_seg026.npz,20180725_26
ARISTOKLIS,data\deepship_ps_2_npz\Tanker\ARISTOKLIS-80-20180529_seg063.npz,20180529_63,data\deepship_ps_2_npz\Tanker\ARISTOKLIS-80-20180725_seg082.npz,20180725_82
ARISTOKLIS,data\deepship_ps_2_npz\Tanker\ARISTOKLIS-80-20180529_seg064.npz,20180529_64,data\deepship_ps_2_npz\Tanker\ARISTOKLIS-80-20180725_seg075.npz,20180725_75
ARISTOKLIS,data\deepship_ps_2_npz\Tanker\ARISTOKLIS-80-20180529_seg067.npz,20180529_67,data\deepship_ps_2_npz\Tanker\ARISTOKLIS-80-20180725_seg105.npz,20180725_105
ARISTOKLIS,data\deepship_ps_2_npz\Tanker\ARISTOKLIS-80-20180529_seg068.npz,20180529_68,data\deepship_ps_2_npz\Tanker\ARISTOKLIS-80-20180725_seg064.npz,20180725_64
ARISTOKLIS,data\deepship_ps_2_npz\Tanker\ARISTOKLIS-80-20180529_seg073.npz,20180529_73,data\deepship_ps_2_npz\Tanker\ARISTOKLIS-80-20180725_seg035.npz,20180725_35
ARISTOKLIS,data\deepship_ps_2_npz\Tanker\ARISTOKLIS-80-20180529_seg074.npz,20180529_74,data\deepship_ps_2_npz\Tanker\ARISTOKLIS-80-20180725_seg034.npz,20180725_34
ARISTOKLIS,data\deepship_ps_2_npz\Tanker\ARISTOKLIS-80-20180529_seg075.npz,20180529_75,data\deepship_ps_2_npz\Tanker\ARISTOKLIS-80-20180725_seg040.npz,20180725_40
ARISTOKLIS,data\deepship_ps_2_npz\Tanker\ARISTOKLIS-80-20180529_seg078.npz,20180529_78,data\deepship_ps_2_npz\Tanker\ARISTOKLIS-80-20180725_seg080.npz,20180725_80
ARISTOKLIS,data\deepship_ps_2_npz\Tanker\ARISTOKLIS-80-20180529_seg080.npz,20180529_80,data\deepship_ps_2_npz\Tanker\ARISTOKLIS-80-20180725_seg110.npz,20180725_110
ARISTOKLIS,data\deepship_ps_2_npz\Tanker\ARISTOKLIS-80-20180529_seg081.npz,20180529_81,data\deepship_ps_2_npz\Tanker\ARISTOKLIS-80-20180725_seg078.npz,20180725_78
ARISTOKLIS,data\deepship_ps_2_npz\Tanker\ARISTOKLIS-80-20180529_seg083.npz,20180529_83,data\deepship_ps_2_npz\Tanker\ARISTOKLIS-80-20180725_seg108.npz,20180725_108
ARISTOKLIS,data\deepship_ps_2_npz\Tanker\ARISTOKLIS-80-20180529_seg084.npz,20180529_84,data\deepship_ps_2_npz\Tanker\ARISTOKLIS-80-20180725_seg032.npz,20180725_32
ARISTOKLIS,data\deepship_ps_2_npz\Tanker\ARISTOKLIS-80-20180529_seg087.npz,20180529_87,data\deepship_ps_2_npz\Tanker\ARISTOKLIS-80-20180725_seg089.npz,20180725_89
ARISTOKLIS,data\deepship_ps_2_npz\Tanker\ARISTOKLIS-80-20180529_seg090.npz,20180529_90,data\deepship_ps_2_npz\Tanker\ARISTOKLIS-80-20180725_seg005.npz,20180725_5
ARISTOKLIS,data\deepship_ps_2_npz\Tanker\ARISTOKLIS-80-20180529_seg092.npz,20180529_92,data\deepship_ps_2_npz\Tanker\ARISTOKLIS-80-20180725_seg038.npz,20180725_38
ARISTOKLIS,data\deepship_ps_2_npz\Tanker\ARISTOKLIS-80-20180529_seg094.npz,20180529_94,data\deepship_ps_2_npz\Tanker\ARISTOKLIS-80-20180725_seg104.npz,20180725_104
ARISTOKLIS,data\deepship_ps_2_npz\Tanker\ARISTOKLIS-80-20180529_seg096.npz,20180529_96,data\deepship_ps_2_npz\Tanker\ARISTOKLIS-80-20180725_seg059.npz,20180725_59
ARISTOKLIS,data\deepship_ps_2_npz\Tanker\ARISTOKLIS-80-20180529_seg100.npz,20180529_100,data\deepship_ps_2_npz\Tanker\ARISTOKLIS-80-20180725_seg083.npz,20180725_83
ARISTOKLIS,data\deepship_ps_2_npz\Tanker\ARISTOKLIS-80-20180529_seg102.npz,20180529_102,data\deepship_ps_2_npz\Tanker\ARISTOKLIS-80-20180725_seg071.npz,20180725_71
ARISTOKLIS,data\deepship_ps_2_npz\Tanker\ARISTOKLIS-80-20180529_seg103.npz,20180529_103,data\deepship_ps_2_npz\Tanker\ARISTOKLIS-80-20180725_seg030.npz,20180725_30
ARISTOKLIS,data\deepship_ps_2_npz\Tanker\ARISTOKLIS-80-20180529_seg105.npz,20180529_105,data\deepship_ps_2_npz\Tanker\ARISTOKLIS-80-20180725_seg027.npz,20180725_27
ARISTOKLIS,data\deepship_ps_2_npz\Tanker\ARISTOKLIS-80-20180529_seg109.npz,20180529_109,data\deepship_ps_2_npz\Tanker\ARISTOKLIS-80-20180725_seg096.npz,20180725_96
